c2,c3,ff60,964,c0,
5133188,96768,2059922,785388,24776966,
6590465,119717,1435283,601747,55033762,
8777335,270512,2929652,698834,62217784,
7501018,135613,3707348,858362,38742233,
4391576,94757,2865784,713473,21415168,
21749085,62174,1155946,307397,546913217,
36171803,118295,2657900,533882,918038130,
27669580,98715,3108118,469356,731451713,
31176407,121534,3729631,706703,824285327,
33372273,67401,3334208,364805,932443784,
35085597,103052,3599231,555508,897971236,
30637552,99102,3896381,534578,774225028,
33333438,129374,3608042,641331,862738322,
29696909,88694,3683296,549855,776638639,
41597288,269069,4242945,855899,1028070708,
35641361,218727,3434139,601758,936950457,
36019497,48045,2927743,253280,981138646,
34922910,83656,3549415,474228,966849778,
33284221,124372,3639594,783073,894552578,
36190086,66326,2385700,361263,989146892,
32679891,87383,3683015,514719,881792524,
30971865,55769,3514468,357011,852145800,
38390351,256604,4214226,644263,932455464,
33916987,201188,3797776,856843,858000293,
40333948,58399,2696769,291423,1142582560,
34149679,72356,3119916,439256,913690198,
38591360,77823,3056676,340978,1021850383,
29550326,55378,3378598,372793,821130227,
28271589,129742,3775380,839932,731052896,
28390996,92232,4100819,599267,723205267,
38695943,335991,4711091,1000614,818549302,
36775781,89236,2790200,312156,919401728,
37492443,71909,2979554,429232,1069902591,
35977276,57584,2975325,365015,1040783229,
36088401,77539,3285418,474670,1019164836,
36309347,74144,2631809,374852,996181108,
33097247,98477,3731654,635813,928607922,
37617991,89005,3550801,614990,1009647869,
32404797,239512,4574014,694929,829949304,
36156704,96800,2984300,510514,993377511,
40482820,71545,3044159,433623,1162597906,
40596995,78864,3082910,405426,1086002607,
30472644,63573,2955125,367328,854460312,
37016644,64287,2698147,330977,1052722720,
37974348,66156,2815877,398853,1113841589,
37207589,69076,3392711,507322,1071474967,
42235296,171471,3409922,726841,1161868387,
33172312,149062,2616328,180554,947367157,
34528237,58895,2619080,367904,979908218,
35432758,34079,2692018,219445,1070891937,
36938571,74410,2676691,454014,1095463370,
40561410,74420,2863111,414277,1137746215,
37119296,40518,2525957,216256,1086102130,
33977179,60634,2991748,402180,979028087,
32724768,62948,3502134,411554,945177086,
37912596,262803,3690741,626355,957756112,
40451248,131013,2776010,374108,1160641467,
39629939,62071,2839102,279450,1109843661,
35229245,49103,2726942,295552,964168970,
30723147,51587,2582560,332948,879308593,
42803030,84360,2515115,523787,1262871713,
40732668,69875,2746953,436439,1177807870,
30888760,49402,2465379,340920,941059510,
36765267,57683,2360366,375742,1082255463,
30957630,37469,2772695,406826,903362561,
41390627,209969,2936422,374331,1163968796,
38959731,126738,3250641,744669,1116348211,
37159727,33759,2292205,244733,1131847948,
34015769,57232,2741212,340175,980353175,
38843706,46840,2387204,281463,1162894323,
34405817,74776,3147926,460862,982407258,
33004502,92939,2880305,537544,942478933,
36461772,48792,3094684,413229,1062697848,
37093146,308862,3556929,592823,936839530,
41999212,171423,3083598,459984,1159650951,
31781937,62003,2864036,373710,935121659,
40494153,99568,3148704,608510,1166008433,
30078819,36561,2663883,271386,899768401,
35841991,74228,2625481,440447,1015145009,
41035145,65391,2882281,391507,1180285664,
32130052,63113,2803408,378198,935142789,
32991462,52405,3476697,500669,944977800,
43999594,375347,3375207,427034,1091507752,
34470652,82441,3560591,497178,1008031131,
34718710,70113,2738897,443747,990386025,
40567565,65035,2393603,376096,1161718607,
34032280,68814,3404894,447182,988947531,
41053830,78727,2611467,426807,1136073246,
32412701,62280,3384693,362936,949786244,
29282880,56777,3100910,393998,875283059,
39582600,169607,3376420,536929,1058226321,
43650054,222572,3220982,498754,1138470052,
38564332,64516,3043258,353719,1087872915,
32760325,103035,3293618,601362,908201078,
40382527,77252,2947577,478199,1162454403,
35811092,56354,2345509,329272,1040082837,
35263474,61417,2489321,385498,1059603050,
38074096,59290,2419728,372655,1144717444,
39783179,152244,3471689,611862,1078161069,
37358603,146659,2610497,200349,1066701233,
36095941,42896,2292892,205069,1084837431,
34573467,65063,2956860,386332,1049476785,
36275810,55357,2459746,369051,1090944827,
35934379,58027,2237583,331444,1098901113,
39423177,87504,2568891,474108,1151603452,
35136977,60154,2945040,425912,1045221119,
43123673,280558,4177826,717695,1081573359,
31149787,145396,3008918,369606,892141801,
40433927,43493,2211240,307864,1213080177,
39660558,98553,2721354,532629,1114595463,
36089156,75891,2958977,462282,1055947210,
36928253,73807,3056707,401497,1048680237,
35956857,66539,2515720,406412,1043548246,
38501531,69607,2971154,380583,1095456256,
34712062,102899,3690462,445510,965838775,
37679901,235319,2682389,353639,1013143308,
39490139,94237,2748512,401439,1063282919,
30191193,76102,3625665,405680,854352447,
33088670,95244,2988262,493392,906728458,
36293997,86487,2757358,400986,978049173,
34304125,76533,3505906,405083,969189741,
31261303,63372,3230062,351602,844708905,
40714587,164771,3850211,653733,1052245974,
40732936,279736,4217200,602376,1007212218,
33445239,83889,3431192,510870,940377474,
36743951,109056,3288029,641317,1031732527,
38891081,81658,3401606,466795,1060150117,
35748019,99781,3616371,516615,939233342,
35308162,91232,3584880,522647,959207574,
33242777,97585,3676127,668162,921366369,
29385652,74937,3450941,537234,827337120,
42163657,342038,4084235,769691,1022187331,
39703244,81691,3447850,429892,1076821574,
33480996,106206,3469864,593731,885447591,
38218285,54319,3359165,288621,1048069385,
32578500,96150,3654816,589844,869655607,
33768062,120292,3641510,737323,903417566,
43612115,61079,2560866,258199,1160519576,
29839492,84934,3805159,359438,819602224,
29910741,96836,3747225,700832,836958225,
46997640,412443,3945908,697424,1111773688,
37791225,103687,3462944,524239,1018137605,
33729624,70098,3955261,467535,935443756,
41338587,111395,3428072,595560,1057104147,
34105538,78297,3844467,482125,949415441,
40208823,122607,3347314,684765,1089759680,
35768475,63541,3163505,379566,1008388040,
38887538,46900,2762507,276742,1128773773,
33825515,72791,3532440,639325,927456889,
44627624,341277,4160776,557646,1060479300,
41448666,88817,3438639,434030,1129586718,
27074345,53442,3268882,373755,790925757,
40463443,100701,3056758,478468,1100281369,
37861712,101016,3297724,586641,1068208240,
35416648,46609,2995379,267200,1013184428,
38951102,82750,3226856,456458,1050613201,
32655071,65507,3516437,561196,901974178,
43146274,281989,3419832,486201,1113784993,
41924002,104361,3302161,574093,1162320143,
30911741,47358,3199027,280134,885530552,
35879341,72943,3095393,452549,1034962316,
38109590,88500,3225203,537776,1066128655,
38956821,72871,2979688,428714,1078720616,
32878454,64980,3416861,415574,967479775,
39551637,68947,2834366,402959,1152232185,
36981860,192661,4083415,799105,969981053,
44361045,192878,3012364,285392,1159178799,
31362970,60941,3418770,379229,909207400,
36639848,92282,3129495,542934,1019629732,
35934238,52168,2237525,340809,1103900509,
42050338,60941,2326075,354156,1233572296,
36815868,55209,2495737,284759,1065317285,
38018737,62245,2720529,358598,1118819186,
39939683,102567,3587911,679850,1077559753,
43055466,346420,3817218,719625,1124325625,
36234872,61598,2662236,389026,1080976594,
36318909,21032,2190799,139324,1103536709,
38434984,63737,2761912,394729,1126751209,
34026724,71572,2919992,460824,974265599,
40175477,95599,2896400,557927,1142503669,
39501015,56878,3288180,385024,1094147980,
29261203,42419,3331498,402247,824504246,
40672280,221939,3100672,424781,1112403756,
38282196,203232,3424646,471696,1044887140,
35486575,69294,2685619,429105,1013314681,
40211885,112223,3512089,524445,1083156358,
40465872,168465,3050998,509110,1059191778,
37483344,174909,3206584,428646,999461505,
39283169,183248,2931108,451235,963526845,
42658013,155655,2937772,447934,1149489545,
35592397,162308,3705959,673797,874701627,
48178983,549843,4507601,739621,1077689139,
36284537,171920,2783679,553110,923632122,
43297828,250369,3802796,728704,1046858119,
50465413,171201,3857123,607960,1039937088,
35051163,160783,3523025,385869,885894508,
47849477,341627,4588162,841204,963406426,
52729701,316506,3584180,637811,1114650607,
39668817,286339,3947546,560321,927559808,
41032335,193030,4189555,659000,877772037,
47441915,507083,4076883,720813,998050638,
38874989,98600,3033000,422348,1122247078,
40838328,130141,2859077,336117,1129328564,
26307607,25559,2823558,237254,798570220,
40877148,110701,2275663,276559,1169270399,
39615827,38984,2977604,248712,1166612728,
37763759,72548,3032585,293493,1044811681,
24753425,91375,3315406,427619,654568881,
51189917,541565,4133981,625006,1098993772,
50953916,313379,3839774,532107,1137014425,
38927737,119222,3605546,395830,937042446,
30744491,53757,3203494,310263,858639824,
41308460,65357,2835554,279296,1138554799,
35317357,85242,3256647,512977,1017886486,
38277967,58018,2925193,334019,1067395365,
35567505,49946,3259622,358958,1008379436,
38497355,239580,3098053,511729,1025334739,
40615503,101639,2452945,340053,1185919324,
37217862,50770,2395346,306126,1113988746,
38986352,68225,3010221,430792,1098696934,
32189391,35323,2580704,250592,977987775,
33169920,40900,2202927,243413,1012816168,
40464189,42526,2443413,304149,1203473589,
39288413,51130,2513433,320211,1156154126,
30972056,73643,3606687,634562,867205025,
43356186,313432,3024788,314914,1140127406,
37631257,65151,3106125,367162,1104344013,
35651159,55690,2326402,308675,1031650029,
38935333,91471,3358742,491674,1099135986,
29377412,67879,2931746,422096,888975317,
36719043,107671,2877722,565023,1077488758,
34508692,76345,2654310,395207,982815083,
37917361,109092,3262192,562725,1063608777,
34706863,112936,3471236,556809,932304339,
39554383,326451,4128600,548435,969759964,
39644216,193150,3840400,947650,986579785,
36096420,118850,4091041,642365,961020394,
36861136,106279,3195158,583412,1001884855,
37731408,117598,2897194,605352,1023384212,
31166704,21582,2403484,153936,966246450,
33325816,92323,2775733,435578,1013437967,
45888243,350576,3620060,740714,1187489088,
36523993,115051,3137359,512146,1020791538,
40158136,66908,2826535,356944,1097351448,
26871087,47668,2443300,280524,795776853,
33125098,100158,2888388,544301,939229343,
39786344,115410,3149414,660222,1165857648,
35876186,60488,2368214,333716,1065044382,
30745180,39742,2966103,375238,920303418,
36225702,199383,2870209,494770,970195686,
40948778,171759,2917914,495064,1175723029,
33512541,52124,2601562,351375,985767534,
37822779,66319,2650495,382888,1106533351,
32642066,42959,2330989,283632,979378236,
41364770,57713,2512695,262353,1198349069,
31355849,49723,2726339,282098,921409219,
32468816,109144,3192088,595108,844346684,
21189787,191773,3930680,1181194,468750926,
14341667,97858,2036563,486157,341156843,
38995206,28161,2014653,170306,1188426560,
40781815,140989,4201678,813221,1077362570,
18410441,391601,4293536,1385562,207490344,
13674339,19689,1612766,119730,420676505,
41946879,58020,2473576,329364,1240368116,
30150268,76361,2599730,332157,777284861,
29210172,134815,3398030,761338,738083099,
42145325,91240,2683698,459668,1216762466,
37756617,44900,2578982,215772,1059943133,
30252344,147699,4047736,795633,779579376,
41766971,324091,3406263,500960,1031748580,
36062457,85790,3250296,428591,986644794,
36156265,104878,3371459,591284,994383263,
27984976,77046,2889641,519383,764615363,
24279905,188344,3516595,1045928,535612140,
22031478,73791,2416299,387172,528575590,
22690194,98861,2992185,602329,597702411,
38967080,336163,4445689,732377,900809073,
27820990,125630,2927460,526757,733422991,
26137924,134727,3122822,683031,620897020,
23627060,77068,2349878,419433,581985969,
25006835,94691,2930758,537467,684410353,
41679709,30302,2306081,207795,1280310279,
39438445,51760,2443814,290944,1125347891,
27682274,32570,3523514,270967,839723462,
32688272,83015,2920790,627064,893475079,
32134179,135510,3243775,698845,767487641,
26695962,52308,2521381,333704,767672485,
39528733,91765,3003933,463668,1102844136,
34251272,88414,3165445,477800,908495012,
31747369,105407,3285619,541896,863263525,
40534881,95566,3307274,489926,1036920832,
23149596,113197,3542027,768386,538986045,
28685380,85814,3109465,491658,738186696,
33277098,118025,3416661,631576,878276264,
25713237,86767,2732304,484678,654119546,
28812733,81957,2992158,469235,763338291,
40938301,61718,2643335,344867,1186993101,
38140220,43968,3227271,413107,1110062049,
33348218,65330,3151833,458869,940733552,
41083230,106795,3309703,510397,1126236597,
41247439,71881,3529827,385550,1049988891,
33067001,82751,3500153,515029,929495264,
35250179,52116,2787454,346042,1050534776,
39208895,70777,3186582,390461,1110042873,
26181096,98802,3322811,695058,682004781,
40824712,337742,4201009,646889,979022120,
29921429,118096,3791250,756232,795776592,
28563852,56028,2775214,338672,774040561,
38967888,111540,3371074,610610,974933712,
28166313,82010,3733308,503418,767418791,
33099004,72601,3257745,378416,851863215,
31534140,103531,3378634,588536,847106867,
24365289,83519,3632432,529119,621658111,
42836842,340384,4549219,852444,1008987128,
27877407,116397,3695731,372198,696560754,
35965265,111255,3901203,652387,945689241,
43196404,77094,2733080,397211,1173191926,
33556844,78218,3295600,454626,923496019,
36986075,121936,4093514,719028,995011773,
32783103,68453,3153342,463732,985859492,
40976776,80867,2729594,462960,1161247276,
37214564,47478,2720191,249419,1061974931,
30388709,64824,3654559,481352,831074229,
41336476,310844,4215271,696335,1053868507,
34846810,57095,3014761,373864,1003704564,
40043736,50395,2832459,252814,1121874286,
27469173,61376,3049316,405236,750249393,
36406288,86260,3053894,458840,974554795,
28620328,69113,3432900,398724,765898500,
27516083,67912,2794362,430078,711356759,
29664718,77183,3684123,560166,761165822,
34896157,286305,4048141,627776,872100160,
36195034,201901,3620094,614808,865221264,
34579342,93920,3191929,494830,901109993,
27740907,70192,3547602,459976,767378679,
33884334,78870,3189518,433927,866258944,
32041876,87366,3145889,526933,871638765,
37124164,67065,3054743,321703,1045374713,
38897831,105135,3442633,638943,1072671549,
31440577,54577,3469130,493410,901746952,
43943157,353135,3438622,426060,1118596926,
32814008,56922,2948583,360305,943328414,
38036811,34236,2427756,231017,1130605034,
35710371,60743,3003479,353641,1034499112,
38753622,48713,2495641,285222,1129794470,
38833649,40242,2836124,219933,1138533916,
33210677,50326,3172623,328831,928969286,
35599511,101891,3206678,570767,948031044,
34758067,313482,3536528,461427,854385358,
30579077,93191,2822704,479764,805716485,
18455897,199144,2828613,881153,418966732,
28923416,213097,3656855,751210,685186022,
21773165,39783,1638464,249729,633065138,
29671739,107316,3187625,602870,769100530,
24856177,49573,2558696,363534,721390932,
27519924,211284,3775387,846868,606701394,
24620343,282046,2983430,622463,571913804,
30938769,64756,2958327,374769,846468680,
27597503,89790,3084728,563545,760635113,
47438143,32508,2451659,163846,1309225657,
36899634,82627,3362688,466523,1025584945,
33595168,76172,3306586,459814,901821113,
32968929,72869,3540335,581596,944265731,
45972601,291110,3829943,540771,1164394493,
30080291,97138,3453591,341113,864809709,
38766102,71684,2759507,439720,1121522799,
36259357,47125,2819345,317611,1106500398,
39614988,33291,2214893,197504,1161851995,
36344681,49539,3125389,306456,1041425703,
36603131,92761,3068999,469870,977928692,
27518541,56213,3538246,428597,757194353,
35197100,250852,3997774,713007,829199554,
33016117,251331,3468171,510070,807603162,
32357796,105600,3172044,572055,831647532,
31755323,69221,3215351,399848,859179551,
29657427,80398,3417525,497650,802426894,
29477416,106659,3171721,600657,702143742,
26042769,82261,2887608,501873,690321703,
27821590,88678,2798604,517141,720725738,
31310572,72355,3753952,592651,817421811,
40110990,274701,3982875,503433,1015901176,
40455296,101983,3052683,266613,1135717094,
35974055,64789,3291217,362014,978611739,
35484829,106850,3901127,598080,952671746,
38205068,69347,3458144,392250,1081914176,
37181500,100321,3622743,613448,1037025039,
37517947,66224,2625673,376557,1060505835,
37787268,56557,2953748,315781,1095798906,
37588781,124113,3861505,661172,1036178001,
40420583,294571,3496594,425831,1029526302,
34694749,93716,3139968,521059,929179765,
31260654,72291,3361465,397686,826514456,
30375101,99273,3449597,563186,786501478,
34912129,92279,3348374,451887,882089514,
29692475,79151,3599992,467833,799579502,
32675303,118462,3264403,658457,798989654,
24696927,192476,4135090,747929,550048929,
36086823,238456,3572293,505046,906917118,
37057951,88467,3304268,466077,996581193,
25389141,70508,3200413,478263,715616198,
43928514,49873,2262299,237391,1220445800,
19385798,92820,3215114,575751,491374978,
39376804,108759,3657007,594003,1086928925,
34333213,82938,3244314,525041,975477871,
41703091,279722,3860620,624837,1057237536,
43413189,196430,3210594,599901,1123237285,
30633348,71164,3972671,435249,853025812,
33433172,87726,3535351,580196,913622240,
38731900,85911,2981370,512342,1090879707,
40027656,66056,2351188,370919,1159583539,
41344545,46586,2220426,296825,1251335184,
33427738,34503,2969581,379654,1017730442,
33499078,222207,2943961,429887,869121546,
23892221,193051,3146252,668534,599375448,
11939362,37068,1130260,240440,348361488,
22028994,96648,2359495,607792,591905961,
13705226,48685,1300192,294216,373080609,
10907671,33823,1126044,231966,311286191,
17034172,88445,2051233,593957,433579035,
32957230,43226,2960351,518061,968660114,
45654627,317820,3523639,342092,1145564683,
37972275,88534,3099764,545166,1053105527,
24551409,91020,2889657,591482,697462354,
20171195,52203,1886124,327431,578000901,
44515399,81025,2829623,467130,1299223194,
39129735,70091,2854442,418829,1133848079,
29808630,57720,2868432,400239,872051422,
35041215,75557,3433952,596862,989898456,
43146199,299361,3896513,738492,1099673015,
37948190,62486,3101317,391671,1119050463,
39870706,134289,3329233,435846,1127466989,
21722166,64919,2151044,378004,602973253,
22789763,75275,2174197,501883,640312415,
8725333,118647,1963055,782808,177675373,
20330920,28724,1590637,198270,622974256,
44020096,243603,3588750,641993,1175631790,
39779070,120480,2687442,244129,1152911153,
27455799,90950,3050661,572141,762051443,
15520008,116017,2529987,700136,384644425,
12992195,39112,1130667,271149,367871041,
19606041,80465,2153585,503663,513902107,
17433092,35741,1437448,269142,509638996,
27157369,48714,2512814,476688,798367887,
39205485,247935,3040287,533907,1063900672,
35460262,63736,2414657,415760,1066308247,
26850113,107447,2960475,651978,742461607,
19798498,84678,1932319,533765,536487068,
11317338,29526,1256955,218912,306305848,
43820786,731843,5919695,1756705,456560496,
69831851,894757,7027500,1631940,770403516,
53822619,626269,5286429,1336672,916536033,
55117490,537027,4782515,1069158,1053823798,
42467161,232247,3730827,741587,1063996957,
27824578,122200,2734614,387646,764296493,
23315717,421464,2874105,685751,324949902,
40958349,485808,3807166,729212,526066988,
23873847,91895,2347764,538301,622728058,
20721512,85581,2069200,545619,585317528,
25139059,272410,3790881,946986,565027053,
24404679,162267,2082940,250664,649480034,
29359131,101483,2972247,573191,790012812,
22953379,64275,2066228,365577,645145873,
32474911,84608,2567693,525315,936584208,
28135441,99379,2424835,575594,808792650,
13048375,14503,804131,94365,408570876,
29456447,56489,1747411,377855,891447555,
32615312,15060,2355810,279124,1015423753,
44560462,305332,3163033,437855,1249805166,
18766676,29529,1308135,190492,579589588,
7618464,31478,864686,251278,206502596,
6790532,42198,769745,238792,183506113,
6467582,14959,531735,121669,189397080,
33207503,14809,1292158,122321,1057899031,
36861403,19441,1627255,143478,1147565804,
40941983,35831,2848575,267254,1280873366,
18232973,38016,2134746,453849,517918801,
17049577,284745,2354164,523621,362062969,
4194028,29505,572451,198872,116813304,
13504146,11359,720108,101577,427031431,
41357689,2930,1506438,40807,1321695957,
38855206,24130,1999633,167509,1200860243,
28393401,40635,2200081,255574,874330742,
13358195,45688,2318267,541065,257783730,
9957663,209833,1757865,484404,177038944,
9647012,9956,455713,64100,295070175,
14691707,8072,774130,49228,453850146,
16218372,44360,1380982,315632,451487175,
14944954,29288,1021835,201336,462660120,
22360568,8243,1017671,74626,712920836,
32628806,40847,2134776,304736,986208740,
15625415,258382,3039986,641411,311666602,
4205433,5109,279429,46170,132462426,
18500276,13030,1035402,102106,574166927,
16900058,88216,1921981,621877,434721911,
11479289,7366,670212,62530,359066386,
34800404,68393,2197110,410507,1052404321,
35855136,20522,1771895,146815,1103593567,
42095629,28724,1853052,158015,1303979449,
34732714,27109,2990174,432688,1046596521,
42207688,319434,3405883,480283,1141061418,
35269505,50447,2518222,350501,1069236545,
34887613,32061,2231563,233484,1044504098,
32546695,32466,2234541,231939,986623067,
40873450,53037,2402749,326219,1213985664,
38763466,31080,2332283,199539,1185170097,
34429901,65340,2736315,453825,987561158,
24191289,37245,2753127,406335,693451298,
42724952,338064,3404086,534396,1117321249,
39096265,99959,2725883,410508,1115121713,
32223993,46271,2752254,304946,975573836,
40402787,94989,2816507,531536,1166346637,
38269190,64974,2860903,393584,1105313852,
31399205,46236,2771938,307068,922931993,
38386164,34733,2411558,209950,1157912689,
36200085,83302,3094446,500993,1030031011,
30573647,56193,2940178,390265,881545593,
34699646,183308,3427258,605987,891787485,
36584821,120803,2912485,283461,1054160955,
37760695,51539,2410747,284237,1106076671,
31661111,72070,3177136,454278,885626111,
37645853,82388,2844313,447690,1066305019,
35369008,59290,2721248,367346,1042694087,
34275924,61008,2802274,361029,966822010,
37212763,91257,3526280,632218,1049079535,
39692070,236928,3538087,698666,1044146898,
35354593,176708,3285287,497474,948587767,
35753334,91689,3010909,449556,969775808,
30147974,78791,3220490,470659,869881969,
36188808,92244,2914810,546050,1019591537,
39367717,190812,3703309,933427,960420233,
32069203,138786,3745086,764895,826144140,
33630274,171428,3695022,824129,903759238,
36958155,109356,3446078,586165,951104747,
25986663,106598,3271155,633000,681484155,
40641960,211483,3359831,656130,1036820864,
27470222,155025,3460432,844967,663035444,
30298173,141729,3651493,731540,726119422,
35576112,40514,2641965,232669,1040928840,
34158448,83246,2884876,504493,996797069,
38429747,56356,2636304,303474,1097243954,
43919353,64401,3169407,329689,1155209106,
33263147,32554,3218428,202636,975679513,
34753746,116792,3626884,674209,969341822,
45636625,304534,3528638,401366,1182053448,
37344167,71881,3243862,459846,1059730638,
36465874,101310,3513642,607577,1027931070,
36387506,83395,3512855,501650,997057689,
38894223,74586,2927686,364890,1056129025,
31280212,111241,4396899,681638,823920104,
35796142,77833,3134197,462565,979242322,
38111552,90840,3469784,487117,1007654089,
31860692,75568,4017208,465335,848089076,
36075592,123693,3714622,808685,939144599,
42190557,342945,3772828,584676,1079646367,
40002611,62213,2975957,345788,1155627169,
31975338,70732,3207138,472515,913338329,
37182366,58652,2583858,374095,1118520077,
41514658,51649,2518294,249491,1196777844,
39403190,146558,3502956,793500,1038297107,
37346886,102216,3327610,528103,1033072121,
36424343,75810,4225108,642284,993284250,
45385240,372847,3950851,537799,1085675568,
27363156,81598,3731301,514766,775518515,
41298760,72392,2694295,357553,1149001808,
36763532,110139,3240052,605562,1044796943,
38660773,87903,3207393,451651,1025175125,
36469117,76618,2625421,452916,1049757938,
40138069,93904,3196849,547307,1137749566,
36838075,51488,2552736,324055,1081456300,
36350140,46973,3343350,430038,1032604891,
45601672,355346,3960922,702045,1127452480,
35866728,77523,3327684,503104,1033516915,
36524809,78161,3072578,498386,1091019623,
37492413,104205,3175951,626492,1071935020,
39610211,86007,3071024,497888,1125990847,
33470698,67683,2912033,414279,957735880,
35784419,96449,2743510,520872,967694248,
29813998,128784,3969886,574291,781052921,
25750204,166235,4118129,1066343,589714558,
38404112,284740,3699500,581152,902608806,
27395945,85860,2605200,475307,752351964,
20509816,115493,2991784,703822,497313090,
14066605,59320,1887761,387283,341625864,
21254543,110054,2684298,708993,539121797,
15984080,77501,2030425,513899,411173333,
382658,14283,237811,112806,1966470,
26852062,116624,2776464,672081,748237427,
32192352,69516,3161718,470400,935546018,
47498489,350047,4134481,610749,1173843578,
32488738,77311,3499910,388191,870790482,
38962641,78211,2877839,327922,1065665368,
37123139,70745,3096738,385346,1071360023,
38666282,90760,3288467,452390,1027494626,
35883656,97173,3664740,527426,990831166,
32115963,100354,3779909,571472,945953804,
32090213,137073,2945327,644017,770773507,
33675370,111962,3796656,836354,901472461,
42686926,328524,3632838,578483,1012389611,
19519788,129882,3287560,787058,502314797,
35225454,180563,4078668,1030776,905232972,
31509895,136336,2963967,756745,845893644,
34763281,106909,3821859,621493,832695391,
26954252,113200,3133739,674615,712006790,
41115708,115138,2937812,630031,1150302261,
29862466,47974,2851510,333533,833598179,
20639885,100120,2892958,602827,513113546,
38153006,41907,2861961,269109,1121963400,
38884743,76402,3261261,442050,1110446208,
40324118,223715,3945118,676081,1014656831,
38024931,251342,3926001,766325,999338090,
40316758,125770,3554175,712870,1096283802,
34801493,89996,3289236,542764,992564526,
36404837,45590,2540975,293144,1091994038,
39195495,81873,2839389,471975,1122887480,
37472904,90821,3256076,515104,1070066624,
29707411,88577,3009599,560239,833390757,
19145306,45673,2734540,466567,524861326,
44744054,357263,3598754,461137,1167011091,
40548658,99355,3069310,458361,1103866981,
24195088,146631,3577972,893061,635024909,
18120060,118694,2329852,676879,402154071,
24705462,191189,3456190,1030075,565241108,
21471305,126730,2056851,438436,571481031,
33813499,153375,3575013,900010,922373201,
31802205,47998,2670002,251336,913380490,
38267153,50968,2727355,343938,1144164851,
40040202,104465,3085637,590213,1144172970,
39267073,97406,2811757,545294,1126640274,
35764892,65532,3010649,416038,1059147179,
37980809,76012,2431004,441770,1122966075,
34272061,63766,2717956,398823,991223145,
39769631,128332,3681042,728627,1152642000,
21556421,35963,1830040,223935,641234957,
37999695,70911,2896814,428655,1089186104,
32429914,115692,3272523,709402,912096401,
20389279,79297,2287700,503767,557064414,
17143614,209570,3360261,966457,343328178,
39134260,157826,2533094,259354,1131096759,
38639977,55268,2445872,338358,1113370692,
22886196,123112,3208067,738219,580026863,
20725724,108084,2754981,678412,548285127,
38296968,34935,2356344,209664,1150025534,
44284817,94150,3056299,471928,1256149485,
26994036,80022,3014911,480574,778300639,
40780675,52350,2645587,292090,1199146246,
34227071,82511,3176935,485659,966325528,
36413778,98850,3117832,572012,995805999,
27360926,99339,3250822,585999,745656057,
32564548,124884,3558862,721354,875464607,
34196115,101063,2852002,500675,939048222,
22377846,136378,3055790,735565,553330439,
26368449,135990,3361677,835784,658169126,
29290561,41827,2291761,260946,846577468,
37964858,70027,2779936,398305,1059037046,
36251980,74388,2973478,408302,1040475640,
27548842,65859,3169769,396361,739308934,
38532234,73721,3114537,424333,1073580980,
27167137,72021,2840889,610879,712426129,
41247821,282393,2564582,324278,1145806022,
39921017,26282,1905590,195844,1243116520,
41504506,66397,2585438,434822,1242908663,
32424662,38209,2150420,224789,1005033327,
31333331,8316,1864404,86939,948392024,
39200802,27228,2003777,191852,1204287177,
37372007,64261,2408263,374269,1148325704,
26590595,44896,2761024,456831,771909131,
30775800,179478,2222315,344934,843805253,
37178632,120673,2038773,369248,1116881279,
37850427,44874,2327393,304995,1162463451,
26394089,101306,2777309,637873,757407181,
6970891,44306,961126,303079,187134907,
7237167,91497,1509177,566352,142103698,
4898905,10457,347539,83890,146675538,
19016324,308466,3385158,851538,335669039,
31831089,14869,1242784,88217,990932705,
42396537,6316,1638529,55557,1347814041,
41131996,39383,2290745,280387,1257067030,
34779774,36607,2154121,224632,1065138285,
32748738,36255,2311211,261818,984487995,
29971005,89589,2706068,568221,894867998,
17575808,80973,2041080,539291,497801591,
16656145,87528,1752984,435719,397711763,
12110698,20694,895391,162753,359564104,
15647797,82235,1774769,514196,408261827,
12218752,53829,1317467,343043,326541555,
36856781,13752,1598245,94382,1152887346,
40315064,34310,2068860,225038,1215682678,
31664748,66895,2754099,385175,937688962,
21917358,44726,2699828,492544,610110743,
21709693,366524,3287272,845229,412617472,
31375004,28153,1804852,172350,966782776,
42624259,46328,2333456,248096,1282266430,
39474439,45879,2346744,267214,1184170361,
36098837,63338,2833681,414279,1052990344,
33748125,55086,2678982,341854,983745748,
26842156,81307,2950672,508753,776464852,
21704691,163905,3648489,889604,512877251,
17761018,182559,1660231,180679,446165276,
8668964,70886,1473684,475864,191779689,
12955375,70031,1696971,459083,322609379,
15725300,18000,1071455,133322,477785306,
35829774,61528,2368794,370667,1032599511,
31338659,58537,2499760,344339,915283292,
22902640,87848,2996965,660112,618445840,
27803256,339612,3683144,691693,574237183,
16483582,41862,1653421,274743,470472276,
41077736,19331,2047356,117289,1268148594,
38854072,29359,2334983,204321,1165289661,
36105552,50015,2617157,288009,1070793266,
35600322,105645,3170540,518317,996500273,
47456853,230747,4371580,832259,1203730132,
32935302,38339,2603006,300270,971974651,
36901395,126848,3063355,531543,1054639849,
41790315,201160,2730894,279970,1155153075,
26752767,83281,2730937,552574,786549459,
11654624,69725,1458126,399229,306523706,
8681685,59882,1277114,419582,208927086,
11773471,20567,864578,155909,346082439,
10445738,55819,1200976,375434,276702318,
12364087,86782,2244574,645520,279614606,
24533055,212001,2239448,337940,652961728,
39124602,75243,2800733,469985,1053857775,
20754567,40246,1676980,252630,609138356,
20648414,86241,2094865,545894,567696258,
12335879,63564,1408024,374787,279621978,
37828920,96473,2648017,463016,1125224124,
41866922,29396,2128346,149039,1266466385,
42287310,88524,3888595,602108,1150204905,
38213270,212179,3208090,472332,1016892430,
33007142,142475,3030796,396868,930840563,
39987070,94415,2963215,443588,1089450566,
45214967,231033,4533751,941494,1162857941,
35806516,138736,3277262,560547,956956565,
28510067,49845,2693599,302166,841211948,
35918437,53193,2647196,306768,1054274230,
29110381,92530,3166405,498756,790593568,
32141263,170181,3641124,742164,689809372,
13528029,116577,2560439,701453,194111918,
32789122,356555,4407901,1016926,711039358,
23447413,191014,2633526,666780,600184097,
10524346,72133,1257074,386158,251813479,
10599886,97130,1576233,497269,209763869,
8447326,10944,539753,83675,262833876,
11958567,87454,1472297,474374,259493835,
23366572,22928,1182864,208294,725429458,
42552015,28070,1811589,186930,1335631442,
41920546,58978,3313156,533177,1229107502,
36861253,335020,2849314,413704,973689558,
40278364,80843,2220690,330563,1237046297,
36311339,38876,2266990,283925,1130930313,
34132813,49642,2109518,298504,1049502524,
40306175,50030,2550955,315771,1260058795,
30062118,23370,1952181,179308,938648817,
9706347,62946,1604443,433669,255235302,
8349859,56699,1022127,377143,220286459,
9629263,24128,1386242,438213,262337294,
14519815,169904,1661859,419712,353538430,
19013726,4090,746795,40895,609144011,
44335783,4471,1608284,51917,1411436329,
34100485,12741,1758417,109403,1078952620,
32470033,42881,2480969,318357,961984715,
13472591,119775,2439250,802488,336813624,
9219580,19319,838051,159185,270292373,
41280694,13091,1572923,66466,1290398736,
44167494,38107,2263839,230205,1344375809,
30756703,36474,2918898,450824,888207247,
28547088,113105,2484483,214662,830985499,
39363587,33413,2056213,235908,1209816703,
38636785,52708,2482010,320868,1170200565,
34569800,93225,2844300,529175,1025062436,
25614320,61272,2515011,420120,724263980,
37616130,96972,2747976,510714,1065357726,
37351282,270883,3552058,736747,877501554,
36729103,428969,4051339,970273,768462888,
12681644,188329,2481054,751327,189097782,
12035731,12994,709505,107113,367027499,
23750218,89840,2466993,527311,633773475,
31281521,19656,1569903,140327,974202879,
31988115,89571,2922543,541878,908186451,
34130415,21963,1902702,125127,1030737969,
40864596,66693,2949867,410846,1204977565,
41192381,86204,2859894,511393,1161324192,
32854536,34384,3116348,232586,869260449,
33387973,109251,3638550,687567,862244733,
42387780,252549,3555352,443500,1139886870,
34625623,71074,3372987,461815,1017206066,
32273187,76834,2778023,418423,914183160,
41760057,82726,3376898,526080,1179823937,
27855673,96002,2860807,535384,732112184,
27225744,65537,2849404,414959,718079334,
33387147,102564,3028251,579489,922867664,
35221868,108035,3662673,593090,925767706,
28017914,66451,3356301,509373,729158339,
38056301,313287,4247858,499281,942724940,
35736243,158145,3476907,753314,914398994,
31689057,135325,3623919,649934,774618719,
29184529,56503,2711699,370390,839885801,
42414266,75762,3059294,373250,1189373506,
35059197,69194,2889830,349105,1014451751,
37041532,94839,2972871,587567,1068644512,
41923460,71610,2360705,411218,1214936491,
26221551,46592,3503914,386881,734041858,
41013480,253717,3715054,706964,1097605697,
37284187,149822,3167291,511760,1019775412,
35536204,64911,2641476,357716,1012609364,
36959733,72106,3385946,435918,1062780927,
29024377,101189,2874914,531877,762473289,
28191264,159779,3760181,845771,652328387,
36227927,180342,4165903,910486,868225474,
30141486,83936,3422606,522773,824680018,
30018406,113584,4028889,827653,735892787,
46952704,322827,3837053,665704,1172323597,
24040841,95369,3906205,589179,623963863,
42210901,204070,4148206,769471,1072522898,
26791841,146606,3496900,671490,699987650,
40824052,224774,4156368,821642,1097820260,
39485026,195655,3094634,592192,1033032422,
37438027,69662,2925859,365119,1068171232,
36060313,97651,3164203,571710,1014311749,
39691445,70082,2950562,399633,1151874145,
35995133,141160,3423219,713392,924356301,
41764465,278878,4105322,747071,1014453402,
29720161,135523,3291115,398268,787584832,
39257312,262027,3652976,743340,926015799,
40059912,383425,4561610,1071414,720364385,
46256782,425538,4516201,747469,885124949,
48286297,284702,4655685,928700,874943778,
44399981,394603,4608324,964284,902310881,
34280197,240035,3874886,739412,767637248,
47004638,230175,3099186,588858,1113629698,
32174841,286363,4329989,766783,607702761,
37242667,358836,4581720,1000975,676515394,
39470116,388724,5165903,1193754,685400723,
46849694,499476,5100245,1104488,983413988,
42441809,147286,3073945,353081,1166842108,
34022363,56971,3471265,376920,930898831,
37204210,141310,3454939,428572,1014019240,
35304268,45527,3138598,248823,1001075717,
39260631,60578,2925945,295742,1077071597,
40205013,161675,3508493,399782,999107833,
39377762,237024,3935183,386293,902773665,
40841324,278000,3615190,355712,878036126,
43329504,163873,4551770,711247,964828801,
37914063,259581,4527229,574015,871898051,
39349195,198227,4282325,481940,942482371,
38241264,132080,3400526,744760,1004290581,
27641521,134358,3689755,720255,732573653,
37885841,119370,2810201,522827,951952085,
25851304,122542,4327805,722027,668253003,
31135416,77833,2667090,392240,785902240,
30973153,135786,3931345,685546,806492390,
27616643,184812,4918977,1193045,635868533,
38334526,333335,4274124,604177,878327582,
30670044,115358,3642095,671382,799531372,
32549303,64039,2876079,288094,830667969,
22414575,104143,4040148,626612,570657552,
36134013,59719,2678298,280098,973307928,
32930607,114654,3470095,648495,884447948,
28860739,115055,3720792,679926,787691081,
41208025,92637,3618947,655789,1071076409,
32609756,307528,4684865,696640,774659922,
38489629,161220,3626438,679438,974187018,
31762027,76566,4093633,421395,834289989,
32151254,137556,4136420,782609,820095496,
34205287,80055,3362565,461352,909784199,
37702164,78217,2434859,473301,1055142234,
35940350,64947,3480533,365933,963688385,
37085216,95436,3695574,506509,996903604,
34638881,77594,4184888,570374,913586241,
36432641,362508,4823840,811905,865160216,
41514953,131344,4010148,626378,1030694268,
36803233,107594,3528379,539763,922815407,
35757138,118652,4027265,617184,913205968,
40535678,91040,3335192,448001,1076503039,
33330267,68235,3533583,371339,883254513,
30672961,96220,3415428,518346,779054428,
28777273,118456,4075650,678919,696846334,
30005940,74308,3919717,565219,772994333,
35324362,364731,4361092,845842,737996932,
31029973,86581,3840300,300763,833745876,
36601333,74510,3371377,367975,959917852,
35884824,94976,3296793,483591,939902023,
35663752,92446,3943730,540934,956792649,
35559232,146874,4016192,784980,911806580,
35079734,59113,2468056,352379,996362009,
39611750,69839,3246279,327929,1050584438,
31423082,64433,4071981,446772,808919703,
26128044,332089,4259003,997878,514843544,
33561730,177087,3619022,694087,800135743,
37471648,64385,3011022,322325,990077405,
33874989,109638,4665724,628078,870032554,
26096866,101671,3173508,551415,636065030,
37772904,78122,3379640,372136,991285049,
22984851,108431,3868549,648167,549018337,
32543944,91136,2985648,497694,812298440,
24401813,115854,4070065,846175,584458631,
39012804,318928,4722677,647523,909897876,
32807902,57320,3005764,312999,928186014,
38148330,93960,3627009,556608,1031155434,
36621749,54461,2645521,307881,1015286421,
36219052,105072,3898713,608695,982161812,
42671675,79998,3956367,379732,1070580065,
31411588,79642,3771734,546581,866065266,
36746741,78859,3339232,487295,994572844,
36027056,166669,4142455,838361,946547334,
40312894,216988,3401294,438735,1083876646,
38546821,86966,3156155,483347,1061874405,
41560466,75311,3074608,385673,1142212529,
36647080,65255,3485035,315973,984220732,
30890594,66521,3634662,400304,858270340,
35343215,92671,3388892,540041,992164401,
37942954,124486,3301733,547819,934612249,
33618760,70635,3895259,404604,920724091,
30669930,141985,3655789,682388,693148620,
35262674,398378,4932221,1014119,711440436,
18197278,80983,2191366,481748,487796591,
11399836,75760,1665356,513485,272024406,
25129069,52911,2361087,316193,664263152,
41485835,63108,2819021,372609,1209101073,
37344709,69825,2646347,417484,1077760106,
17511331,79584,2622067,519825,454036199,
17269688,111128,3106215,851774,394328671,
26606400,317966,2915809,324494,614404226,
39239996,64469,2930960,383489,1137651759,
42335833,98844,3141640,565088,1216228463,
33069032,61250,3084218,379905,962481720,
38709942,39644,2520249,240346,1149794635,
36899905,62024,2791973,366749,1059600642,
41274047,87657,3288930,498905,1152678575,
38091208,193582,3718377,651413,968201620,
33430785,180197,3324327,481446,940899043,
38867849,76622,2546928,443918,1167768581,
31377725,69573,2565070,329465,814931656,
19759946,117001,2738429,712583,511001677,
15647319,76675,2116886,505544,387044547,
15403760,34338,1479459,227327,413139273,
3156858,63211,1085754,459810,39949423,
15167985,150749,2072019,466230,352915805,
41864182,248770,3940066,682256,1094596931,
25042964,31392,2283023,205132,738568813,
38455731,84695,2931867,478091,1063322892,
31741994,108738,3129830,663510,845251957,
24576372,71614,2686214,464805,651945862,
37407773,48902,2638308,288317,1097532914,
36367495,89579,3185794,564004,1037160282,
24241664,84830,3362308,588030,625639864,
22580930,364256,3658496,919977,425203835,
37106776,29746,2131976,183038,1110380179,
26588136,78209,2493100,470579,758757840,
13871316,62299,1590571,428967,364701283,
13267852,40242,1194461,256780,371213621,
8308474,78822,1611333,537707,179639837,
18976707,18948,1102814,136723,577358373,
37724678,175674,3980584,826214,1032834468,
39729809,247994,2954108,346555,1083219658,
12644047,70364,1782975,434208,330090206,
12626872,82890,1718761,533637,317539226,
15315782,17939,983746,129250,458071575,
22174959,85911,2403882,553281,600178601,
23873122,73225,1960199,434207,678455921,
37767163,42342,2520529,273999,1133781407,
8216610,75285,2015058,525488,182622285,
31231423,314059,3431758,555540,643292446,
25546776,90736,2542266,558291,708069873,
30870857,32472,1842478,231619,925069019,
45497984,42939,2592195,261843,1376907562,
37189633,61516,2638583,414564,1099941532,
27892681,53524,2535664,340392,803405935,
33746164,53960,2680635,351720,987311236,
40466908,45624,3274765,490169,1167030671,
36734247,161163,3153205,356057,1012261523,
35002020,120102,3577874,767550,969154774,
38343872,53951,2380044,342744,1130125869,
37705385,72924,3131796,443008,1080410093,
33654643,70199,2779681,444530,963052993,
36562374,60344,2372174,391938,1086958672,
36071368,53538,2455518,345636,1078017696,
31983143,33463,3079778,374593,937890815,
42931075,298858,3570670,609641,1143214620,
31046087,60968,2861766,403263,900674291,
35680728,53952,2627500,347093,1057399578,
38943388,68522,2700209,435940,1102950841,
39683642,82103,2878953,513824,1174519350,
34049639,61945,2882540,371405,980310856,
35161337,64048,2877886,369915,1014117282,
29222244,59259,2719748,372116,860547278,
34604424,110281,3420231,614562,934345983,
44411701,327452,3669872,558450,1120076921,
30019512,46331,2825777,285703,890343837,
41187025,96678,2925011,463288,1172953233,
34174454,85086,2573661,516386,963764561,
36165658,84085,3151723,469915,1006077590,
37895764,54307,2806650,276949,1084102042,
34649075,93595,3072026,552162,983026857,
38477985,99800,3170813,510965,1038543941,
29772596,85030,3504943,681582,791644674,
39970381,299988,3863748,790113,1022588131,
37544035,83225,2846146,292931,1065785626,
28427815,72858,2863589,382254,762217895,
29099150,118928,3527067,694779,765680817,
36585410,107492,3515614,592411,996382720,
49352774,101023,3573084,481926,1329572099,
18464934,31455,2538848,223299,548785518,
34651046,142388,3505486,737725,892420429,
34479535,116787,3897080,728246,870650905,
35347421,334197,3823190,487807,858062255,
31674727,93440,3536360,513516,814092794,
36842692,79323,2827540,441866,991058726,
33378037,100314,3865151,557303,871205207,
28418895,88652,3725810,586890,757697826,
33160608,90361,3246811,595882,946969673,
37668686,102038,3460128,551228,950414957,
28201128,78612,3609178,528366,735469302,
38263859,260759,4504160,655464,923285488,
35746327,169310,3805126,711666,873634132,
24664293,112017,3206872,575720,572556330,
34845728,77387,3306907,426870,927681469,
36476818,85658,3361877,402955,959690001,
29338125,172627,3916286,930601,681599735,
23605876,85475,2720153,517676,579099228,
31069687,65030,3465167,384101,855291970,
34862537,93283,3897647,545993,839271123,
32524453,116581,3792305,609891,766043494,
37904036,367035,4624317,927294,882670897,
29825767,81544,3399569,445789,755368125,
31306522,76549,3216304,434885,823779907,
40222050,113854,4019499,583387,1068040272,
18915866,56884,2913241,381558,508354639,
37443383,133337,3414529,601334,911037625,
31391423,91096,3633710,560521,832695949,
35979181,137988,3885862,655012,858503027,
30346098,84086,3919663,556706,778203449,
39361571,294373,4764135,839401,938069691,
31063807,230257,4290470,756118,718324038,
31281151,59005,2909653,313820,814885812,
29220320,109486,3890018,615859,739275341,
29514576,81927,3388869,449123,749723737,
30200802,107970,3367884,656149,774795794,
29818570,101375,3495480,527635,751107079,
40496579,53242,3176065,262638,1109185826,
24771608,82474,2894030,442898,595191121,
30020115,224823,4630659,973097,687510921,
33731247,296367,4327357,600705,804539786,
31953115,123166,3651449,689352,792072754,
28546651,94542,3254061,508605,678791579,
29421964,93381,3193486,533875,765732512,
37098931,68363,3361765,384433,1009947421,
31122033,93782,3461960,556055,803612986,
32100994,116656,3800125,618488,794587243,
28108135,70458,3421189,427676,745318962,
37893567,172178,4376464,800341,933383879,
33565280,318325,4349233,555571,781853809,
35867937,85381,3323777,450965,945466131,
28258907,86260,3760827,527902,734390551,
35972285,161909,3858295,782384,847366192,
36376201,118099,3495280,546506,926801701,
25904996,67998,3600002,423693,702331031,
40649042,78264,2942019,398891,1085158427,
29221580,96563,3760028,543299,737084138,
35877475,104826,3371523,557328,924588004,
22517762,98173,3948479,624259,596215109,
41321691,240739,3827593,616042,1005355660,
28358743,136934,3474758,469891,735742660,
39218569,128319,3660833,666710,1019205368,
28831338,44999,3009111,253475,784462075,
32508837,113206,3466682,642721,849097174,
34844699,114655,3733076,614551,865160279,
29112166,57630,3278833,349791,788221079,
29246350,104742,3294932,560578,731022258,
22315930,294132,3413233,674665,437775375,
20726650,75454,2388467,462796,535280914,
27914258,94454,2703989,594818,763889518,
34277250,37592,2600162,218287,1009888335,
36310808,96429,3347034,557340,996490619,
27525793,38780,2402173,264007,833103184,
39943241,99157,2754287,448139,1114434745,
29870963,186865,3362392,708080,688917582,
44081316,780810,6473669,1747068,497342148,
61029348,710864,6276270,1576381,851845385,
49838326,591157,5685146,1385525,813066126,
58798748,602771,5815607,1425537,976111930,
57409482,515603,5607630,1061247,884692758,
32347995,180993,3385353,621791,889032171,
28124915,177840,2755879,513670,648670213,
46755349,708916,4952259,1176218,533413570,
35751529,145123,3877753,779924,897188782,
40903242,283523,4230155,740490,1014533556,
22974112,39169,2298264,246502,643606301,
17404266,103460,2473664,655151,412172516,
18848492,52039,1621640,328835,509122551,
36743218,38176,2245277,235106,1137821876,
35885640,103358,3162956,594664,1006396666,
26342306,102543,2911215,550376,643756623,
33122892,145906,3643647,751178,832916782,
45630687,200650,4268256,616610,1227170624,
35144856,187490,2791100,395497,938187762,
23847819,78889,3081401,487063,641701211,
41411812,38136,2512237,263952,1255540474,
39870513,96311,3059153,553107,1117809345,
38305512,81435,2989129,460762,1069012241,
39924100,64420,2990091,374274,1159445070,
34468055,58872,3529395,372406,976352688,
30215080,117339,3456463,566181,829879070,
42156411,296741,3797936,604196,1102233478,
41425928,76021,2770062,439618,1184215037,
33061253,55075,3163765,372800,971579009,
42115845,84772,2766328,462526,1151957658,
32005890,59997,3563936,405858,942386426,
38158057,92065,3418392,533761,1056137828,
36268402,46747,2899789,297514,1073974858,
39592295,70415,2882975,452396,1130451332,
38047874,68178,3264831,370355,1055552711,
32991605,58249,2947150,404916,952620055,
40544193,65524,3556609,521648,1132985022,
41470078,310054,3754051,588471,1051298569,
37888721,47905,2970693,266272,1084531710,
30977705,89634,3423949,585838,872697777,
37502014,49583,2538916,307567,1133566708,
37061277,75291,2887896,441017,1074644221,
42222841,67984,3072381,364794,1183133112,
37026148,59079,2952939,312183,1032409909,
38853234,51201,3046844,264971,1089400946,
30665528,49107,3657571,479334,880372285,
44528612,408948,3925102,594577,1156677091,
37489241,98524,2966642,516600,1030824579,
34814436,85183,2913951,458684,1000575194,
40719813,82374,2454198,404665,1151244297,
40468143,85828,2838050,465886,1149060240,
38258557,61130,2960658,307161,1094441429,
35791250,86405,3011212,516972,1032367238,
38199408,66192,2912913,433801,1079436357,
33205632,81642,3042838,517012,968589593,
41301122,86303,3117449,530671,1173446044,
37340330,109386,3593017,682549,1055779174,
34863375,38372,2725022,212032,1014100098,
39913706,72247,3252378,409484,1139580485,
38237237,84760,3144863,496179,1078401754,
38853056,60331,3093376,355756,1109793501,
37958570,69356,3225031,389342,1068746849,
35628509,72585,2892834,432474,1040669609,
38400292,85710,3396504,549097,1084829015,
35294749,70162,3647553,431671,947709723,
44518583,90138,2748023,396817,1196057234,
38587854,99156,3652242,531543,1041582994,
32311660,91250,3503367,513774,907584511,
39519610,76368,2668148,427483,1143294938,
35994946,78357,3339759,464226,1024601414,
38716056,50896,2636002,313704,1110883159,
40206451,101351,3669848,537173,1088631509,
38348854,61362,3371490,304665,1044491406,
27746099,52808,3383359,341823,796278760,
37014459,102132,3169075,469153,955504582,
40290059,97311,3361939,512776,1071204983,
29146775,78985,3396564,443653,821688789,
44091195,66080,2881564,277346,1175027073,
35721462,56909,3491266,225326,959461014,
32805898,81811,3842478,448843,887720527,
37644831,76392,3403852,455983,979042940,
33698520,94526,3760469,548960,868917889,
37045683,86239,3648186,467362,969005377,
33911497,98338,4013585,599505,890529870,
43340821,250116,4194740,657005,1043890344,
28612115,187432,4422611,527105,727407691,
39247567,119845,3588164,626485,1025242984,
36512249,61725,3541746,382747,1001321571,
34410852,91053,3350305,519615,945527914,
32079804,90118,3922168,579813,851986686,
37460447,101595,3398037,584350,1046572664,
39825294,73342,3354422,372524,1079117456,
39246454,148689,4062165,728938,994292463,
39229733,334482,4844853,591467,940401608,
31988064,91149,3941110,556463,849568825,
40514324,78214,3139072,393271,1095344598,
32759854,110780,4039792,681094,876797275,
39642878,73970,2716377,371120,1087976105,
36836757,73582,3824911,432920,1011932804,
32525742,84610,3724381,541654,885283427,
36707597,76047,2888184,422753,1032714184,
35989551,94443,3470417,498598,975525495,
36085885,84431,4361328,685722,929368861,
39694041,351077,4461235,595085,949445525,
40465323,90675,3519253,408964,1028305314,
28664887,64987,4257882,368305,752835695,
29482532,148409,4340651,822914,665740926,
42819190,112714,3653601,488215,1069198078,
22861737,97665,4275917,544499,568102927,
29744483,172357,4418005,898560,676963477,
30625197,72742,2551317,361516,844331046,
37875964,49799,2348466,302635,1119361410,
38495002,84789,3703348,572188,1084605278,
41108955,244694,3611757,497504,1039525813,
32267834,67945,3456265,459425,928114596,
41637628,79462,2793161,398763,1168190255,
36140103,68287,3390918,384001,999292461,
35795069,76595,3179347,465665,995009416,
37791639,98246,3591933,568152,1052288082,
33294554,65020,3542478,357490,927832008,
33736019,182896,3842538,687517,870088020,
43138226,246090,3422584,570133,1106453826,
32611130,18516,2138674,167292,1024047122,
42958130,31623,1914418,188150,1310117730,
38883658,55941,2509986,326343,1202976824,
31930368,21591,2052459,184733,976002759,
38820324,57766,2340975,317861,1103320180,
33033568,72383,3639412,479292,894431145,
25637180,70138,2827994,630329,676940697,
36892105,292414,3659838,729027,981415403,
34297868,87370,2903425,445875,922640941,
25953867,134834,2892179,728709,641758861,
19196011,88080,2356137,581414,483479110,
20316146,39457,1637715,274794,591742113,
25434230,79966,2397775,490424,716307584,
30636334,63006,2593526,409572,878039902,
30890525,284653,4017185,864509,723748413,
29548849,62562,2169841,175227,884905887,
42565214,58752,2484532,339482,1262782338,
36303152,49538,2646878,329654,1092489022,
36728383,62659,2566927,398027,1070779998,
42176116,97517,3108739,560687,1205216734,
33979669,51927,2689813,287512,995608810,
31147717,49112,2816901,291864,896855881,
33104408,43826,3443605,481028,924626200,
40318354,234239,3150639,360780,1059452856,
31210512,106866,2976132,635848,826809675,
16299671,91871,2268358,610012,406570720,
11289544,85925,1748766,463498,229599978,
24568519,78432,2080643,483003,690004442,
23137034,36706,1869365,251261,667618727,
14658273,65009,1667784,439864,395018313,
16940030,90092,2976128,840486,398116979,
19981760,189546,1776356,247865,509512587,
33071305,116714,2825002,579263,949145100,
36838242,30278,2384862,129724,1090092665,
44250124,55432,2363680,247705,1248897287,
37236353,46235,2488382,251619,1078620263,
34581873,43007,2659048,226919,1019713261,
38585782,66106,2452208,380164,1162248114,
35807776,75293,3151687,371694,1033612012,
38788021,267503,3306938,255805,1034811420,
36111089,82044,2850439,372133,1047594941,
32597431,73070,2567401,285580,908548867,
24082474,122269,2694435,551599,512557722,
36793005,383896,3822981,892046,492821390,
51574947,600161,5682499,1497883,641483593,
37996012,420220,3686519,701060,695110763,
37339344,210214,4050982,876822,845751125,
32880913,122451,3015373,662531,816274823,
16325946,76168,1733260,390456,308617101,
24954446,125722,2604599,636861,523818861,
22398041,142795,2533957,717857,390261178,
24301196,83174,1982491,417394,547417099,
38008106,71695,2632534,401633,1029358494,
46648720,103295,2656786,465290,1263207983,
40041023,171377,4111314,832900,1013708241,
31020719,151215,3042938,379286,844802107,
41175093,84305,2885868,462039,1146866420,
39358931,88353,3073004,504100,1076779950,
40028987,90571,3149266,509499,1135908251,
32496413,74561,2852129,462673,918095536,
33348413,53919,2463764,366963,1017221373,
42222296,95659,2769387,557991,1191748841,
35572392,53540,3229050,361902,1086216239,
32303302,62320,3037771,547901,862647313,
29515699,301535,4286211,939588,609850658,
24815126,153755,3273977,957743,589218005,
17691096,48830,1639028,322690,502093411,
17850155,92744,1971313,567061,490856416,
11406357,3147,549132,29614,363489476,
6109484,93169,1512916,630522,136063599,
4293963,36036,615372,224187,115993270,
4182868,17618,470009,138040,103290157,
4227540,80743,1626254,648422,47158926,
10428651,179824,2205644,475864,196860472,
31680728,59786,1833392,412442,951836096,
42209284,2365,1485346,31031,1349015889,
39610687,19092,1899172,142915,1258665368,
31758531,27398,1954907,172983,996770028,
29791113,18842,1644877,146120,942580028,
38785072,56515,2369812,360888,1180443900,
38478347,50553,2338536,351027,1175473149,
36506771,38601,2196991,229406,1130950814,
34125309,20853,1980478,159136,1068293397,
35872025,78485,2591586,494710,1065118249,
28843652,64673,2532524,408724,866192649,
12722228,72686,1596338,484348,337293150,
6159381,171511,1881353,462958,42162564,
6972799,56204,1040088,377702,177440750,
410726,1915,120642,18232,11690193,
1732176,45659,694917,310961,9091770,
10922822,66178,1348621,427617,283661736,
13363252,9369,719320,89952,420678208,
21032561,58478,1628292,368796,624737887,
29705679,118064,2720301,463586,844908299,
30337863,73507,2372575,443206,899390958,
25332812,11558,1236628,99636,791284551,
44175134,56429,2265044,305204,1327498702,
39570793,55786,2557009,393496,1194746772,
37477154,59810,2468035,376141,1143711938,
31910363,64728,2514394,406351,928167008,
32977707,35455,2140345,268353,1013588041,
37652754,39258,2220376,278307,1131442299,
35218270,57860,2813851,377366,1056713758,
20324109,57921,2789213,548673,562597528,
16129215,327404,2251150,491610,304211534,
7624690,58976,1091517,368302,185152986,
12834840,14843,790905,107718,384773587,
13871301,77626,1811087,560150,369446211,
20632877,19565,1151522,136389,638571581,
31694597,77238,2464467,469174,927526627,
24293426,87407,2149519,553139,688105793,
22870842,34298,2523118,420550,641317081,
47038773,282218,2650765,214568,1312412487,
41485403,62032,2857341,415065,1246101615,
32455365,76963,2866836,443214,925268400,
41432059,57432,2514543,247044,1182463465,
35250490,68327,3104377,414112,1031639006,
35459139,71870,3124909,464630,1036797982,
35469889,41172,2725957,289007,1049196726,
39712575,176084,3391131,448280,1043855635,
27846224,68641,2817500,441338,785273609,
31551436,584920,5188959,1556148,485092101,
62599577,731705,6293314,1609567,721370288,
51170405,630177,5243512,1209463,832976259,
60637229,749707,5732857,1473910,957830387,
48876563,503322,3962994,860654,854444440,
32040300,356446,4144485,657278,730633814,
47391682,666838,4346909,851432,564916506,
36163935,99699,3157222,590534,908563213,
14707003,88247,1796100,550593,377540383,
33812933,26187,2165336,152354,1025301629,
42545856,48741,2341245,249679,1263004388,
39902716,76349,2724512,451011,1155181751,
33111978,71011,2997993,440490,953687848,
36848256,71168,3614879,479253,1055873046,
39184889,207738,3312116,486577,1028088751,
40157250,108481,3271603,351761,1137502032,
32173276,49282,2724242,283240,931986495,
38089372,37669,2797947,248024,1120834393,
31439612,40968,2624735,237891,903929892,
34658477,121560,3272751,633915,887151116,
20998294,160547,3082009,955804,471878452,
21467380,92246,3062693,748740,535062162,
27789727,282821,3073392,528588,646825162,
24961158,159106,3076016,823127,649971453,
31851604,89912,3055531,530346,854038957,
27294361,67618,2816928,426976,772244298,
39676076,66150,2807072,298165,1076765553,
22494047,91347,2776461,552313,570325795,
23067266,93187,2780424,591603,611793876,
39349282,44918,3595955,510750,1118430903,
40242795,275896,3539922,463711,1043611765,
32033877,164804,3306460,560151,900100545,
40998011,46576,2513371,299976,1230539715,
40593719,98626,2916808,543131,1131688392,
38160548,25479,2655897,166184,1152551083,
33184550,57147,2850754,318287,933602167,
26984035,77513,3103734,488863,766543568,
40054612,87576,2849865,413052,1122629643,
27939431,162567,4217569,1052127,648105097,
27332634,338524,3285803,602452,604239373,
9748641,65441,1045196,310648,216396812,
6678004,58762,1111429,372139,163090107,
9109401,2565,445459,24652,290364622,
6257284,46090,870296,276872,172311260,
13685886,39117,964668,223655,416057064,
24594722,13502,1224680,111841,761386521,
25402934,5857,1258399,61733,809650626,
28402263,5589,1871279,243068,886412832,
43084428,198206,2388610,188216,1264273686,
40937744,15596,1746344,69440,1301460326,
39276428,14964,2003356,126803,1241729297,
28331334,21024,1912844,164839,870033797,
38412577,21803,1906955,153667,1210828243,
37489533,18086,1816330,144802,1187740274,
34110760,23858,1974076,162214,1069112462,
29006493,49686,2338678,337922,884608715,
16557486,100181,2956326,757726,420001447,
14068723,139647,1048831,103202,376386892,
10372939,55612,1210884,362140,283119323,
11205869,47667,1128496,305549,330318666,
11759960,14113,717225,116987,357065407,
9644413,50001,1011943,331099,262881790,
18754153,6343,1068050,50583,477571384,
33857961,54935,2778884,432630,1034661246,
22276416,170752,2077090,368917,608964173,
8719150,16444,603597,115611,268102528,
9858878,5401,490254,52146,313845207,
26219560,2658,999193,32413,839467715,
40943823,7407,1650137,68991,1296576085,
40044630,16709,1864597,142404,1254845274,
35520016,26568,2013069,204035,1117522913,
39800600,49021,2273045,314104,1220330895,
39318631,44534,2154532,295572,1218390298,
34315923,46790,2210168,301459,1037105764,
28128659,53268,2512913,362951,850068240,
31492993,161456,3241255,741252,873021001,
19404057,181133,2162574,532046,503906918,
38416382,20959,1636045,144495,1205691343,
36555519,50961,2364053,310610,1114059999,
22327638,68230,2189957,473363,651533278,
10556639,24546,842393,187111,315698560,
9115560,71156,1463895,478805,216927912,
5106019,16819,1319127,400512,116628647,
14440477,228242,1962395,485537,313558708,
18617251,58453,1558022,400090,535257064,
30900369,26623,1607408,187231,958639817,
38782305,22938,1953185,129740,1197856716,
42937919,38579,2257562,271360,1294977158,
38788046,44692,2478142,311784,1176668939,
35298957,66634,2916812,429224,1031863079,
35970807,81234,3031889,520598,1060935249,
34795964,64532,2852885,407888,1044334992,
24456441,48158,2832412,472466,684550161,
28511760,289675,3321770,766944,655343639,
15882319,80203,1792846,475237,392042704,
27893901,72734,2440937,424668,783585430,
41297059,41831,1963163,211591,1225079424,
33554044,64059,2946632,427187,980517040,
21838992,85749,2651832,524561,582117424,
11394086,77853,1648753,538580,282947767,
9512991,27575,1095629,169812,243001292,
16325433,81111,1904210,525182,429673507,
24492976,281429,3012889,523626,580982039,
36746862,81133,2519317,426365,1067833409,
42467927,52166,2601911,301186,1253608064,
33551339,59135,2761102,356890,980255366,
40871398,68614,2750045,389500,1191283956,
35920477,46743,2741551,289571,1050384416,
31862316,66322,3041549,430995,920639803,
35461475,82330,3239123,568626,1020578117,
43496751,333936,3976145,683064,1119459470,
34562085,58921,2938597,348301,980197711,
20401004,73511,2948526,484347,540415755,
19198176,98655,2414950,572677,490533601,
20081929,95995,2261765,561961,513965371,
26627950,44398,2104167,282918,756675855,
32676232,103663,3054019,595456,900479574,
21613769,39845,2071922,287893,600832626,
21682341,94307,2946941,588227,560942918,
24450068,376318,4045429,927232,464491073,
27990377,37150,2336405,250909,815260347,
39566844,62080,2839029,356920,1119866265,
33939611,44379,3030263,264471,906344707,
43847781,78850,2697035,415140,1211414093,
36234523,66550,2984713,432462,1086998871,
35357799,70607,2767505,453141,1043977490,
39252191,60597,3034417,342508,1128015338,
39251027,219353,3531027,570812,1067885228,
37719517,170140,3087563,395178,1054129904,
40321128,90782,2849035,459063,1104259430,
30361179,64494,2835347,441090,907278885,
31494387,78747,2853530,484105,868605470,
15505285,56077,1615228,356615,450562915,
20233244,126008,2673508,781135,492182863,
30803477,34140,2223189,211491,904741971,
38968597,41773,2762600,255533,1110162081,
36574512,256449,4093442,863575,935419694,
32606804,199190,3502773,661506,805036079,
25858865,123976,3320118,717179,627004101,
20370665,85264,2368559,534248,539670915,
34932935,97717,3284938,472210,918502518,
34157072,57606,2914421,365049,948799864,
32870645,98656,3096514,560199,891927707,
36290425,98160,3350175,532634,968587811,
22885727,50543,3409550,472549,600111791,
40051899,395528,4231350,820464,919291916,
34473027,85899,3311602,476144,939897008,
37859048,82682,2917888,390178,1043688195,
28858523,139216,3606138,781559,697712596,
33315555,91882,3142755,528781,891762172,
25879529,50173,2789614,309286,739898924,
40683968,91974,3152906,489029,1089785224,
30434812,63962,3583447,465555,854960256,
28842656,221940,3720970,821135,664469052,
40322054,247947,3606401,398742,1015409854,
33586233,108462,3498736,597886,892638812,
31567727,87141,3498938,439417,804816133,
29892586,116417,3633006,528241,695479421,
30419657,122210,3965758,654734,759633213,
35843939,74727,2782722,339229,933169108,
18453706,103683,2679013,648090,436547936,
21016930,160260,2494208,634814,514567870,
21471775,43053,1904878,286211,604700731,
26720016,83131,2386491,500539,747296947,
29570296,37564,2556595,297175,872504431,
44858084,243147,3342903,481795,1203275163,
32572721,186743,2943218,375720,876269893,
33509377,98167,3199716,559108,906155926,
24415943,109991,2996793,700672,663058740,
21930748,97040,2715074,580131,538689009,
20353303,36710,1675804,236541,592061886,
28137404,91192,2779272,549026,771073149,
31757730,51147,2447710,324343,911380069,
27307646,113077,3085279,640111,720513792,
33457216,40238,2560807,253567,978728091,
41695002,56749,2825972,357442,1229984415,
36788909,90650,2973633,561174,1082167128,
38103018,47647,2756905,338116,1127308442,
35515397,90346,3166279,508762,1002821079,
42123660,256608,3156540,374149,1145771150,
35897300,56533,2745415,345582,1065058349,
38252832,63548,2655491,366535,1125861440,
36303140,50776,2812302,310431,1042661207,
40678005,43262,2344081,212009,1180598824,
32128869,52337,2974100,243201,908925013,
40546616,75917,2703652,414464,1180278364,
36456944,83033,3688490,571779,981075250,
35210324,159937,3378864,325843,986303203,
46007797,71799,3162286,354146,1200280976,
32043173,78104,3296103,489412,936161853,
40806673,121482,3375592,683544,1115570972,
42551681,118425,3055946,615152,1154205795,
32772425,80337,3014218,538101,963809562,
42220012,104338,2859292,615058,1217668358,
29946214,42573,3171552,373050,872608839,
35008122,46866,2813238,376000,1021751446,
41983242,233988,3360943,649046,1127736958,
38545017,195016,3280886,353861,1079721421,
35995612,54331,2541391,306465,1047457485,
39194653,78192,3261151,494553,1121343498,
40019470,83776,2974629,463971,1124044606,
37202618,58863,3167637,336817,1066810934,
40029580,63621,2802107,319816,1137488818,
28492269,63783,3543527,437986,824792993,
40928203,75939,2576626,397337,1165131357,
37841478,62522,2929236,353738,1066003634,
33223576,75123,3631997,613832,885719968,
38273771,338584,4024831,492200,937715176,
38442172,145300,3105192,482934,1037349754,
37877588,65229,3210912,341092,1026625828,
21876979,88065,3350040,550373,583345396,
36005673,123244,3709862,656224,921349147,
34157424,87798,3383480,462137,892756822,
24858914,101294,3159543,617650,637956962,
24639814,242907,3805459,846582,525909411,
18084484,189440,2265759,372918,413769947,
23653758,104885,2709641,584824,602196505,
36881504,51915,2684860,316089,1078316574,
33277630,90864,3013822,521337,937239468,
33246752,70615,2747949,398614,907666067,
37278720,46081,3059749,297154,1118209024,
42388790,67241,2650315,397941,1206533555,
31137561,61779,3752052,554339,851793381,
41444247,383596,4276381,676393,1012933314,
38669313,94895,3267091,511135,1073728675,
39079113,73269,3018914,333894,1065435397,
33839141,77756,3281078,493329,966871998,
38867137,85276,3322653,414797,1060003352,
36633230,135601,3928483,780403,999772453,
38059121,27649,2128604,156706,1137921872,
34756831,79299,2899762,458185,982297331,
32536927,47463,2999422,406014,936877476,
33340780,295514,3376386,677311,839255665,
29605170,105255,2888311,513158,812086375,
43246145,69366,2762721,427683,1274152876,
28771056,60178,2599804,351051,824576119,
15177516,82742,2122802,542613,384580294,
31893623,49215,2577225,298387,898359990,
30831459,97211,2961676,601791,856950039,
30001736,69874,2556372,428774,845445209,
19052282,61321,2247946,411393,520041269,
23349668,348854,4119051,982271,440536150,
40951544,27119,2445645,153133,1223639994,
39479323,64214,2952819,387610,1147500598,
41329493,54839,2784526,323801,1110694545,
35096293,60154,2949433,371375,1023871287,
39793992,112006,3268407,618587,1102523362,
37885000,45003,2877494,295816,1136049926,
34335156,62402,3326685,465405,919886963,
38671524,238318,3610371,608669,994563773,
35395182,123626,3246220,561891,1003124085,
24100644,99633,3351917,616679,615317322,
16366100,44722,1536233,316294,458154836,
26072105,109179,2989154,653249,659234605,
25584293,77856,2310555,467258,714919749,
34316109,57553,2926828,346889,977299599,
37357709,64508,2875460,345750,1032141056,
29827972,82356,3264580,502567,799583999,
29615404,235227,4149205,955532,680537157,
39787612,205502,3474305,368250,1036846634,
33769353,92760,3313878,549623,928931136,
27619625,22661,1530631,163755,845789702,
42357910,57800,2483786,349571,1264981707,
40197212,87370,2676869,524836,1186327604,
38450348,61053,2752886,354714,1144694854,
33755184,72732,3047491,495151,971104970,
24974639,42237,2917967,429935,704190176,
44066400,250792,3214171,624242,1189077381,
38506819,73978,3183853,459946,1143488776,
33956365,36829,2504211,234858,1012505244,
23680061,202226,3288803,858120,467587424,
58001017,1248610,8293048,2367205,405468728,
73021387,960527,7868916,1952219,636662925,
55593733,575222,5428330,1379014,888216000,
30800182,179565,3473985,726804,822899874,
45220298,705453,4278484,1133934,776274938,
42379583,369599,4262104,945366,730032750,
10829289,38214,1240745,266184,283559504,
12879611,119192,1882622,597323,309155758,
30657805,35014,2152935,223332,911120706,
41074099,82005,2947173,482120,1181124914,
42404677,56227,2774371,314688,1222041399,
30598436,46257,2804041,265636,877724822,
32024920,59467,3488469,449456,880236494,
39768070,248734,3654852,671340,1039468650,
38626195,95490,3223884,547212,1101897593,
34679969,47174,2524220,332083,1041984955,
39586298,52867,2313185,340152,1203262903,
30133027,86739,2939252,551621,854465688,
23503152,77036,2602074,540852,665337101,
10416393,16056,714623,122907,301149470,
14012210,174844,3014115,926303,273485044,
17343443,163851,1625772,178553,432729573,
8370727,68569,1373404,465564,195288788,
2149179,49352,765831,331647,21723907,
23633,2016,25173,15240,110952,
16949961,64777,1621729,417988,489273110,
35302893,23763,1959401,158895,1086444523,
28855923,81012,2745337,513567,826010096,
38214184,10925,1757900,91247,1210016210,
45517657,65007,3160828,545240,1293376548,
29749447,173420,2966930,355585,813047468,
33844743,162217,2847525,302263,909284636,
43034748,64235,3027491,407481,1228156748,
37256000,69968,3168555,412277,1025142487,
31971409,98890,3303104,635617,887805018,
15854653,87753,2431132,590993,406117035,
17728155,27433,1410647,192394,508471744,
14384082,134448,3121797,820323,276594546,
23411175,304034,2702776,578556,533312747,
30633984,53066,2442855,354773,894050559,
31901349,99364,3109273,580315,880613164,
20685480,41027,1839628,265490,580073179,
8933540,73851,1260115,466305,216982632,
20155610,43754,1395715,304648,570128555,
26947307,67322,2379953,480810,804756488,
30194137,222685,3033529,484404,773452830,
43921732,147249,2329451,214503,1304822667,
41799797,106148,2421853,355411,1216823986,
39803938,84124,3029378,516337,1157584107,
28649564,47652,2832565,352412,869639907,
35635322,40528,2244979,263949,1054954155,
37890412,57555,2872546,371941,1113257950,
40127366,71658,3476659,539905,1137254907,
37824084,317244,4067707,805531,957665757,
26454355,183426,3139096,621316,692708705,
13573868,81707,1853631,535134,338350588,
9280251,26015,1058375,225328,252999920,
22111897,98060,2364329,613174,575775102,
28674139,43218,1983574,266441,840321908,
34178910,72270,2831721,428695,985334476,
21891583,80624,2964078,609048,597189951,
23299933,295121,2772159,427832,501979993,
21041081,76931,2145674,465563,568024357,
27792608,79490,2631744,501156,760159304,
24880196,61250,2443529,409553,714582018,
31243322,93665,3039063,552170,860302803,
40172632,21982,2071627,103909,1207304833,
40387351,68909,2904929,390758,1171718439,
37285551,49400,3350056,466865,1078452532,
39402433,299418,3707679,506106,1003158456,
35647113,59191,2965749,362207,1058047560,
38536077,45933,2599568,267344,1129670100,
36695390,76495,3260379,442006,1060763909,
36829448,93583,2982028,558094,1042464318,
36120899,85611,3076877,504941,1018628137,
33577602,73333,2956442,375370,927742165,
33770480,109130,3484120,553317,854910002,
28794505,208721,4181024,1198646,680107788,
25625612,303339,3359695,598566,548446012,
25069771,48351,2316009,300127,685422337,
29883050,104448,2994162,607646,803613775,
28688797,59720,2706302,353082,790982192,
28279971,97517,2982572,580500,744041212,
21792866,66251,2143024,438255,590236212,
14905507,56382,1698312,373274,397660943,
23392849,80093,2492280,519924,632776281,
41211721,28696,2342592,196395,1273256856,
44459915,229357,3819524,666779,1184650428,
35845774,116432,2905500,243454,1024698404,
36583866,66357,3011588,405981,1064070225,
40012427,75574,2861978,452699,1162645281,
39582551,52889,2630750,349943,1166296552,
37491373,55583,2739239,327140,1035054678,
38418253,44454,3201988,304847,1080220907,
27425077,54955,2625473,327592,753006684,
34016056,219779,4365227,1082340,831444866,
25423992,234096,3132600,434376,607634976,
19219361,96266,2506296,591829,477478002,
25619851,99435,2869460,629107,673319880,
13272244,13411,762770,105929,412227424,
17081121,60480,1593620,386475,482318366,
5662235,19180,707779,168696,154646341,
5215926,67726,1149225,491337,103750929,
23580348,263089,2774029,438015,569228518,
41401401,30114,1946729,182434,1299321613,
42879263,46677,2259006,302859,1294772362,
37644920,59838,2659912,379346,1132210955,
39816168,54843,2802986,321448,1164316735,
34132853,52757,2618679,364763,1030362231,
36175683,57800,2421992,357537,1062199345,
37144165,85976,3022268,550229,1083595316,
33495320,34338,2944873,360775,1015649229,
39642145,308649,3655272,727033,1037968082,
32530647,155492,3088404,638359,850974889,
18235471,113885,2281556,605248,420337332,
6233790,70797,1229788,463152,122569361,
11963933,30971,1213611,224034,323644130,
22930069,69554,1905201,445586,659504400,
28078238,85593,2529497,533160,798777597,
32305326,36917,1998009,215999,972973057,
14921081,77384,2857663,735230,368664633,
9568540,116843,1401423,240917,199491775,
14098134,68715,1573405,431016,373543119,
26178429,67002,2075052,425524,742886285,
35981257,40957,2511965,258239,1084560982,
43745454,41339,2017907,229772,1303107487,
37295542,41051,2917118,281197,1089133912,
34798337,47655,2919114,328678,1038733130,
30944458,74184,3508164,712286,860472931,
39000039,152895,2721209,527082,1135743614,
39183376,47783,2165501,300340,1193974506,
41796547,46592,2153306,321769,1265296202,
34968978,44984,2399834,299475,1062151116,
23084285,46886,2165507,305735,696579446,
20685932,88512,2163192,566004,601560106,
7856825,69036,1492907,458869,173032769,
16976118,213333,2424510,478820,386718795,
32246633,59641,1882972,380452,968200107,
40002769,31399,2109101,217916,1241491893,
32422979,68447,2609566,403746,937818253,
21311626,67939,2174894,409754,602986385,
25318156,93942,2283386,451155,719975853,
19628516,97034,2207023,541434,475091935,
22330029,229718,3228139,645120,453642806,
24455219,232697,2502562,450652,616933434,
34816444,47352,1742957,164522,1070464883,
43746019,30322,1955158,193717,1321771641,
34188397,79231,2869825,483984,1012916689,
37436000,67207,2829299,395183,1123628667,
36217739,74644,2932860,472980,1041142039,
34042046,55254,3268673,383567,964478249,
38475677,171255,3258141,501076,1058807430,
36764722,57042,2895237,329358,1026353817,
27747230,68604,3011314,445956,759237536,
18967360,132722,2639776,812327,426755293,
14099931,85723,1919123,553790,347484992,
15080370,35524,1560436,250040,410626123,
41526365,49773,2450208,301017,1220890391,
34625254,62050,3656974,604378,972957965,
27183876,340207,3243351,584472,622780555,
11494589,86492,1896564,540307,267351363,
23470607,28658,1422761,175610,689991120,
43050205,28378,2113427,153427,1323545943,
40467539,49783,2601131,295037,1195796523,
32336982,39321,2613105,275271,963149741,
34491690,33151,2303336,250093,1067302721,
44845582,204017,3714592,587763,1204290452,
29136060,39354,2556037,280641,879292621,
34480691,125035,3407759,764127,940841708,
11353012,50397,1488477,336097,318342798,
17059138,83988,2090956,552229,435114464,
6310460,22198,778513,177362,159392082,
16673858,79106,1940505,495796,438821184,
29159567,213533,4002777,884854,712042605,
33677288,155990,2418603,238232,950330052,
27082916,93078,2802569,594152,748411381,
14797444,132309,1631645,266516,359991787,
15302932,78874,1898477,504619,385657385,
41696808,24790,2353287,160568,1278629256,
43129810,83631,3110636,474031,1226884823,
31152502,72458,2966714,384553,880884854,
36179927,63372,2355389,382068,1051886745,
36075219,85565,3918033,703129,997073745,
42789707,326954,4009269,515085,1061984470,
34501329,64294,2859149,356677,960951921,
34834688,71983,3236821,429710,992840948,
34535996,99069,3247921,596850,911766783,
16651898,91784,2409352,589887,412761493,
19979739,82093,2504811,487905,493640852,
26847395,69052,2473403,437013,738766800,
31642484,106782,3050499,634586,852971671,
29154005,55372,2957593,358389,808091127,
29157268,182558,4043327,853537,691583862,
40093268,277771,4472703,739469,992108113,
26378860,56605,2254631,318281,735736104,
30782438,99312,3456793,590891,792298758,
25181327,63740,2543596,384987,682539188,
38566320,65826,2874562,367909,1112621936,
39159009,67817,3048911,359644,1076024984,
33060191,81920,3561764,536999,956868375,
38807885,88158,3002966,537564,1111834679,
39716398,57826,2642149,289448,1108399978,
29410033,95393,4174919,676129,814505228,
41769751,366541,3977335,640848,996963528,
33054741,121786,2730812,408571,989121409,
38857674,97132,2610079,449479,1155246058,
41891482,59529,2511748,330180,1210583074,
33645441,61969,2859631,357170,987063921,
31066052,98575,3186621,495047,811076069,
33894486,141618,3612714,777655,804908681,
36178511,74581,3274665,433214,1017592322,
35681391,174814,3839791,739736,917828807,
34707946,260756,3727933,637898,836251738,
31194375,116190,3557460,675509,720753052,
22700513,52109,2363459,334124,609495372,
28542285,116184,3333705,700667,722921775,
34908756,50795,3214496,292640,993065573,
36637522,84409,2728694,431509,975693782,
22605702,104443,3767043,631542,562260361,
38677104,72675,2828847,360093,1054668304,
40424566,73613,3887106,497966,1104363453,
37443753,301095,4115869,368878,907397659,
33055116,163022,3638481,640023,915727221,
43983279,101581,2870310,523985,1171879203,
28565869,53936,3901696,365865,836053726,
40015778,107728,3212830,582029,1086507101,
40137676,89084,3150977,494138,1113170678,
33853491,67269,3345788,377867,958004936,
38962008,97036,3246684,435404,1055693278,
31994551,81491,3103107,507618,896669350,
33085571,116576,3488691,632282,835229560,
32467126,53555,3244206,311179,892325695,
37069154,81121,4137489,672026,985839026,
39056458,382141,4511401,720061,935458835,
33486990,115239,3284411,630543,884700425,
28965385,81214,3010786,460416,745599715,
36610884,98362,3307231,518782,951863711,
32959754,87996,3505640,452628,817034489,
28520821,96711,4056144,554069,695733050,
32731497,83724,3368641,461773,890345620,
33323349,67323,3355426,336799,873521323,
29044982,67255,3854737,530333,717005518,
34598732,334076,4636152,894916,804963571,
32923369,189755,3478142,608496,787787616,
22202709,78915,2623771,491299,552205443,
29530685,72019,3108155,418145,808378380,
43181787,70243,2848517,370667,1235204332,
34359112,94713,3316980,532304,971105557,
38037833,86620,3233177,433198,1052325291,
33662273,97956,3331567,494276,974785922,
38768619,104567,3680484,719941,1086406116,
37078080,293893,3168898,524993,989807146,
44098346,195493,3189145,531102,1156115587,
30182022,42426,3289765,255234,910986347,
41508172,87918,2886956,457252,1118593737,
34044971,69553,3301697,435719,956672613,
42723472,179683,3641010,631377,1084136334,
37777351,183534,3630436,556272,907584422,
41035600,300463,4218028,710799,950118496,
38825008,264144,4123920,791181,915950999,
45519677,407909,4678274,1037894,909797401,
42156061,126808,3874219,609004,877291128,
35936236,201555,3711310,680722,843772641,
46802070,607794,5629865,1446989,631420983,
45257118,413327,5083735,1294322,774210732,
57235828,766419,5709661,1155071,942673095,
40695560,325991,4037695,1016070,879440101,
27542855,210481,3302058,647538,664803730,
45198594,563905,3974650,890749,758467241,
40552397,239299,3557125,558252,846083382,
38448981,99819,3299454,560538,1037139736,
32027987,40130,2763423,258977,964649755,
40682725,87418,3672837,530203,1129063878,
44039581,95982,3427582,495400,1113704915,
39345599,297483,4030622,457366,989869850,
33049814,111801,3672777,741413,934450517,
36397025,52942,2523829,353732,1116998776,
41302160,76776,2476790,400264,1185867382,
40621610,91798,2565179,456363,1116494680,
32390821,62848,2588619,414236,960274722,
40806204,56512,2177199,269752,1203043517,
32335860,36180,2458172,247061,994741129,
19160462,107376,2968934,968771,494258573,
16708031,272769,2119356,539751,351866823,
33151220,17350,1580816,127844,1032140423,
42140638,49381,2327138,317676,1259393041,
39240126,30522,2145700,193439,1214251488,
18774579,75084,2526745,486408,527177401,
4925639,82321,1569502,537131,78172668,
9625029,23487,1556465,390362,253683188,
21723405,331099,2487764,474187,469991946,
19108150,20630,1119600,127106,574874865,
31255383,74304,2434072,471963,914762735,
41275620,15807,1836134,87291,1277221686,
42111304,45012,2430540,314668,1258177407,
37896439,63407,2798533,371160,1109372422,
39173725,79355,2968896,448728,1158388559,
29415879,47513,2476049,240665,837374004,
41887051,84300,2954283,491935,1212209825,
28134686,75242,3410158,530508,808233770,
33546264,194413,3132244,657054,828593519,
24314507,123365,2681644,610697,669152978,
16432759,82825,1995667,532167,411148964,
12945404,85244,1740038,540939,327036546,
26319364,35370,1967521,223584,776059821,
22333194,76404,2041082,497339,621222093,
23601316,30000,1842458,207440,687547419,
28505424,97054,3601983,755013,768842694,
20317750,159533,2488259,529345,496234956,
23680131,44643,1957271,288647,698979062,
40013087,35953,2150075,242051,1235478582,
43592658,58089,2229934,291888,1270311455,
39882153,49118,2576714,316424,1215912308,
31162115,38033,2584957,202614,918938472,
38755375,36272,2274443,245922,1149794645,
35593901,50219,2920349,320661,1072726902,
34334374,110159,3230545,581521,970197728,
42214000,109328,2795403,300951,1155843923,
35927480,74660,2858747,444365,1053521162,
23728717,93605,2829239,571768,644701936,
11545211,74848,1618777,483225,278142313,
9025995,22196,845363,155486,245102449,
22947981,89897,2447911,589829,608892523,
25621233,105758,2752570,618561,688481644,
38339003,259574,3543984,557225,1024690987,
22622921,74427,2248182,459647,639120148,
17691216,33966,1489827,216937,486939148,
11679482,80791,1569162,485297,294011282,
19994720,68752,1962874,459328,552144422,
24507801,49209,2018430,324899,705303247,
35760810,59143,2587367,362437,1053559832,
41840478,32979,2883556,326997,1251871616,
45258640,266858,3942039,443115,1106748261,
33191623,61197,3039925,380689,978143822,
36701161,57073,2554070,367721,1072156081,
43533682,82038,2774186,463889,1204881851,
35225022,47519,3124849,305251,1056517197,
31323588,77601,2969159,468556,890969922,
37776268,59255,2590906,331479,1104037098,
34426463,27398,2939541,391813,1041382726,
33485212,242717,2908589,500150,877017566,
8953296,83652,1431995,482297,186902244,
16190210,93315,1936385,601166,432997389,
9987008,62416,1230135,438016,261978384,
13820676,2126,639542,22484,442169586,
24504579,56529,1831891,353234,750239565,
13389905,15850,966948,153295,416910024,
9616635,67775,1264424,453403,246436018,
18802656,305926,3038478,712308,377530500,
9850424,11948,596154,76484,310411760,
19527653,57415,1514778,345069,586451123,
35589396,12275,1472535,115454,1130515421,
36323429,38634,2129748,251502,1121138207,
39102385,45933,2161654,292144,1220171631,
36850766,38880,2219307,280293,1161018054,
37000747,32926,2702567,301156,1134209506,
36899881,152827,2643949,436814,1077236422,
36936031,70967,2439948,439499,1136224546,
14610462,58628,1691630,411154,409012781,
6769391,3167,350885,30988,216388261,
27898855,56750,1724028,358465,858389247,
5316648,11485,661632,110946,161231342,
1693869,46931,690863,315906,8877560,
7987512,57898,1085439,388017,221018776,
18661280,78221,1881312,390351,521600653,
12880082,49589,1415525,357913,366121472,
16194795,14127,830062,123900,506983748,
11778018,67537,1544247,498516,319273845,
16966805,65836,1668883,477269,479209742,
14478885,13638,829208,117163,440492086,
21697093,65181,1707032,447859,623319492,
11440291,47011,2036727,459306,290285462,
9952774,80782,1223151,356908,258899890,
9789597,47263,997752,309473,283011650,
4592581,12868,435374,93865,133159875,
4642718,97618,2035147,625913,53625263,
2772358,35305,2655243,360826,13466826,
5516661,117784,2429775,613790,26927306,
0,0,0,0,0,
