c4,c5,ff24,aa24,INST_RETIRED,CPU_CLK_CYCLE,CPU_REF_CYCLE,
2965505,57701,672972,219525,39432245,18979890,30117900,
1740168,38633,198885,51126,16753633,7885633,12628100,
29848031,127886,632571,199131,633849167,280740928,435671700,
17161836,96264,960482,311456,342582271,153876190,221575500,
7063699,21165,836449,550811,163249038,113483116,168397400,
33498945,63669,2377916,1888269,818699674,505992245,724808100,
13137601,39204,1932887,1635119,300808163,241019058,334542200,
52159707,113105,5669127,4681725,1247817068,775415536,891986500,
64060131,101287,5655352,4983286,1583702591,948470281,898174600,
62513782,90132,5864483,5139690,1563029138,912274058,788260900,
74797855,168017,6837851,5696127,1739919719,1041582521,895059900,
64804603,167067,6692473,5429413,1518529305,818710595,904698500,
57013306,101821,5348589,4578541,1392907095,856735438,924740500,
56275923,85985,5120964,4557942,1389561698,990868963,902658200,
56403712,87665,5171907,4599854,1349823210,1077642800,900710300,
61331839,117904,5977136,5051620,1411923193,1181020531,970530200,
51021626,76868,4884947,4345300,1255101064,1034534935,835799500,
54973042,79092,5015395,4433452,1366993053,1121998328,905731300,
54435656,79849,4975569,4322829,1333420067,1079282488,872954300,
59573867,115090,5707993,4898361,1367942800,1136094647,925216400,
55936484,90600,5335399,4589836,1397426267,1147599964,927804300,
57441628,88489,4814809,4245893,1426013798,1125009996,907946100,
52719501,81205,5218116,4625175,1313088124,1116126946,901145300,
57710067,87048,4980987,4406609,1339897562,1089410895,884658000,
58090783,119905,5608677,4659845,1390873751,1095500252,891207800,
58396147,213207,5779828,4902114,1379581603,1137892780,929181600,
62003999,188474,5543443,4619017,1458322996,1148678045,934967500,
58460649,89346,5442600,4642412,1376705664,1127044891,914028500,
54814717,105309,5562893,4504205,1254607780,1049952236,853041900,
41840439,85152,4056080,3296315,961441593,709772411,573243900,
2520237,3629,162613,134753,62143373,34632946,34063300,
664308,1710,157122,132105,15847380,9494986,11258800,
9521327,30103,1048877,648011,156280701,69202029,108084900,
4356549,6239,514920,467097,109195693,54635890,85846300,
2192928,3417,559836,510016,56623475,34816782,54701100,
2410349,3665,431599,387883,59537026,34079118,54110400,
6844612,26671,905179,540868,139028491,69217900,108165500,
6654013,8178,666246,608804,166321562,79759264,124666200,
11828985,16599,580076,503690,288477484,144559420,224957200,
15440960,29366,1469597,1210886,344317813,169509577,261409900,
3284779,13982,696973,477157,80453106,39324392,62539600,
7590842,10682,655398,590658,185225748,86752933,135532700,
12499495,18266,964045,852676,309356114,154564327,241687300,
5884365,24855,1201305,822379,107046136,54679855,85952900,
8514436,13409,732461,656225,210086617,100381283,156823600,
4887982,27827,484461,386347,108229047,53084042,84502700,
10363319,120164,880165,627096,186312426,80738151,126273500,
18601054,127224,1861962,1277744,363895518,185485502,280524000,
3064606,4257,455306,412441,79127193,42783330,66429100,
10750201,15228,841834,763218,264127240,145876392,227786700,
6037147,13542,740945,556841,118393308,60674924,95310800,
2847271,15312,649830,410666,62512497,26932203,42077900,
4228795,5105,708589,637834,110420767,61280116,95838800,
373746,411,84421,68622,11755423,6815549,10894900,
2630955,17642,881867,586463,36038154,26357909,41814800,
7077351,12764,267920,169935,171952174,74019812,117108700,
12351751,17342,1127664,1018886,304025080,154843598,241871100,
12987007,90453,961510,743576,272961943,124090644,193666800,
11550384,134594,938300,653862,209905071,91754138,142878700,
14332257,82818,1247229,867514,297234899,138607761,212856300,
19371604,37977,2045655,1659344,477527098,269702482,418527200,
11957332,16270,1168496,1059989,292516906,153393604,236562800,
7814474,10841,691397,603518,194574541,94363580,147630800,
12518530,28088,1190549,1048764,287521201,143404040,224135800,
14243139,31406,1614379,1295197,324857299,171562422,267739200,
8545501,19134,1006556,781802,204226501,90575105,140956000,
10797694,15088,957645,857312,265864049,138055610,215809300,
14910434,19730,1424816,1277537,371695768,198748502,310648300,
15070861,72211,1591290,1125490,296324590,144699758,223667300,
11562992,137408,1230015,858703,221672315,108494242,169325900,
17767821,180930,1697771,1185543,360856392,192035122,289137100,
17266883,22376,1630013,1459501,429366262,229206234,355690200,
11003713,14106,1108669,997013,271817478,138152457,210269500,
12191776,15926,994514,883221,299341743,152298720,234368500,
17865668,39778,2046317,1583253,391440464,206894244,322443200,
12952845,18247,1028598,918250,315430291,163463706,252416700,
7936026,11208,740791,660557,195070936,90763611,141852400,
17316506,37154,1834982,1441029,384123675,184719237,287439700,
15732105,23346,1577666,1364548,391260705,218707802,340824900,
10849641,15197,944802,848390,268652252,132929957,197745300,
11591659,14957,1062699,941734,286978334,137912677,215056700,
18490104,42268,2011385,1512431,408527939,218841110,340729500,
11771548,15704,1288099,1169324,289266080,157019540,235846600,
13779657,17089,1244022,1117640,342345850,167131617,256801500,
16428150,36040,1319525,1097328,373116970,187387373,290882700,
11744933,12811,1020484,902667,299062665,150116843,234551400,
10532741,33558,1735156,1260488,232573354,114436362,176089000,
2093980,2641,919175,824834,62448264,46230527,72369000,
1150358,4041,41892,1474,24406852,10060435,16165000,
24872921,29390,1387698,1242461,588774904,288549709,450909200,
6081121,7024,610460,554241,151768936,77871518,121676700,
5059723,6111,468379,430269,122211482,55302622,86380500,
7915234,31357,1267272,811553,158516451,79799407,125484300,
23119953,28532,1859799,1653067,572718264,304555770,473161300,
12088765,15160,1354648,1226823,300547880,163339398,249061600,
10540373,14716,764455,653035,228778257,116830486,182536400,
18705127,41067,2118023,1611472,435893030,213384257,328697100,
13636091,17311,1205191,1087194,336963794,178692091,276020300,
6138516,8076,773224,703311,151935944,79998375,124602900,
4295750,22073,1459610,1052362,64920268,47675029,75440000,
82460,457,49009,33789,930525,1523235,2553600,
21005160,28975,1197678,1022292,516377274,292623168,457597900,
24677586,37985,2182156,1926779,573765081,350088274,505717600,
8020342,28734,1215455,803698,173982591,86375508,132364100,
10356645,14369,1021117,904190,261427505,134378973,205749500,
16167766,23505,1519903,1354006,402374309,235977793,366417100,
14742170,39617,1656354,1234949,311429829,177582683,274579700,
11976520,18787,1119269,930477,296129976,149031670,231814700,
9694717,69704,1276271,1005154,217226224,156928475,242178700,
29586289,208262,2409663,1712708,636864223,399506924,587087000,
16292551,178355,1915258,1145184,259003923,147047687,203166600,
7174465,34486,739600,371602,163950269,84217258,122054500,
6594229,23985,1102901,947727,173763739,165904232,220424000,
34603934,70033,2659710,2298727,836060436,544785974,700974900,
8107021,43767,1215605,748896,137654731,64938291,71760200,
6113829,8625,531241,466290,151727299,77807123,114209200,
10695668,14316,1011094,906581,267144453,128239364,199826800,
13514744,23898,1337048,1177177,310480288,156444319,244117000,
12760049,36976,1636460,1221136,291796364,154780363,241549300,
10792538,16564,900015,794855,265856218,125539642,196064100,
9447230,12929,844491,748473,230113818,105138757,164302200,
17193227,104432,1550640,1206262,355175803,169972930,264619100,
12784369,142983,1220012,895357,242748445,111012771,167995200,
9919568,91471,1393324,931235,190222111,82690409,121267800,
8981514,10966,773385,703689,221281135,96850514,145767000,
9117297,13082,651759,568319,224344641,112895188,172010100,
13406308,27807,1391926,1124427,289670231,143536901,223289000,
13131369,28013,1592266,1281453,320937087,151643246,236205300,
5416093,8128,617223,561329,134755007,61672396,93694300,
5954272,8780,482828,431382,145785171,69926606,108926300,
11499441,31940,1472470,1061789,244211455,108008182,165040200,
5762793,6571,512300,459369,144563855,65867915,103626100,
12123001,17533,1049899,951110,297706731,143215021,223456800,
8898719,25331,770944,667024,200164471,99485352,157626200,
4624942,6396,507803,462301,114437271,52829209,82409900,
10523741,12242,914380,842699,261119704,113293937,173036900,
8826685,27164,1195866,802807,190989363,87193215,136739000,
8958083,68972,915312,712001,180811337,81719582,125505300,
9917327,121581,735795,482342,174775727,73678299,112976800,
16274381,81472,1481212,1124444,325291850,153898926,228791600,
8606435,18965,1226137,985429,209125866,95324744,142812800,
5114062,5820,477509,432294,126912875,57357967,89273600,
8318579,10766,776071,697327,205522294,93077089,145856300,
14775891,38661,1478430,1050808,323503823,145724359,227693500,
11197237,15139,1078894,966565,278481017,137654741,214574700,
7164639,9758,801744,729309,176044819,86395893,134267100,
11424402,26793,1265884,961223,237090182,106064848,165742000,
9310772,17250,963955,779770,224442543,95308819,148095300,
9204221,11391,798013,713255,229473819,101948667,159313300,
9507483,12233,893931,800309,235342088,108397812,166538900,
11949726,44303,1705483,1234311,244797106,113357412,176287500,
9681985,11329,764117,687658,239662020,105609008,163725200,
10603393,13117,1041785,958116,261304057,119273161,186347000,
12837881,21819,1156225,923871,273811571,117246979,183259900,
10056052,116068,1081048,710997,183854441,81287697,122679300,
11876011,172247,1266727,874680,211377829,102838317,152772800,
12460042,40730,1375540,1143484,295380645,146327654,226427000,
11735742,15774,736049,656651,282737393,127693003,194740300,
6311689,7924,618668,560854,155145601,72959714,108151600,
12725959,34954,1484023,1036498,266476615,127061096,197723800,
14137743,18948,1302506,1161714,349465785,175234109,273119000,
11754362,15774,1130060,1027444,288251867,144454329,225295100,
14325192,27853,1352424,1069422,311424333,141325083,219169100,
11135436,24972,1455469,1098924,280595996,129833223,203232500,
15380512,19781,1327675,1195899,381650117,179416367,275425300,
12147559,15639,1190491,1070640,301703094,145435572,227258100,
14910598,42736,1883649,1365484,313294698,150420093,234979000,
13930292,19725,1217353,1104136,343538634,167269619,261447200,
12410186,16091,1062369,964687,306496078,146885770,225264200,
8114342,9359,758553,688926,185774885,84595679,133315200,
16517325,44103,2169888,1641238,374580851,187326479,292429400,
1534715,3000,489134,435666,39544965,26376651,41210400,
11825529,16004,380247,326200,287308628,130509112,207134200,
14730740,41583,2072665,1554393,311309689,152060926,237315500,
13767956,19152,1205070,1087423,338271265,169882471,265246100,
9391271,12242,898876,808466,231104483,115444508,180402600,
17817065,86580,1687404,1254587,394254169,197266631,308274000,
19019802,177716,1841883,1391112,398998941,199727685,308976800,
17286427,193055,1636313,937891,285776763,135751474,201146800,
16874880,40132,1985942,1442504,387893745,186020628,288218500,
16764791,27263,1704816,1281191,387675151,186620592,290001000,
11406782,22022,1200450,853497,251819012,123204987,189587600,
14843356,58877,2005976,1346117,272665302,128284495,198349600,
18462168,25776,1673532,1457805,453162137,229057281,358023200,
11678015,15594,1108136,1003010,286203324,133952303,209096100,
10029975,13997,1006737,864971,245468232,110057069,169551400,
17932821,41417,1918647,1445373,396608805,193040232,296588700,
13661410,19290,1185755,1017793,335754450,167900603,261661600,
9528665,12849,871188,738571,232860884,106190236,165711900,
15552472,35028,1855279,1456519,343667223,164139955,256195800,
16014088,23436,1484513,1229068,395698619,196885177,304135200,
9154297,11401,1027339,931682,229309639,119252688,181027200,
11771214,14622,1186060,1015782,292911861,137102631,211944800,
6208014,24179,1641684,1166750,113901619,67149704,107911300,
19173403,25440,897295,807520,464640159,217086603,342379300,
9187348,12723,886989,754877,223763788,112679921,175701000,
7849289,18056,829808,606139,161517245,73571945,115105000,
19645586,34923,2139148,1714491,482041902,245724222,384706500,
14921459,20127,1434968,1257612,362529869,181703188,280389300,
8014428,9516,698478,621414,198682651,93125235,134837800,
19169511,43132,2179039,1616695,420743259,218152816,339325700,
12506808,16417,1139388,1030106,309566715,164295509,253362700,
10215414,13794,1050093,893459,252029104,117007702,179135500,
16739112,25266,1440476,1187053,375855726,182624145,276577300,
12923158,28996,1740780,1358984,308031522,161459076,251302300,
8357187,12498,910874,779845,204678555,101727203,157638700,
14756989,17318,1302721,1158304,367427123,176512991,273383800,
14950756,23603,1347746,1167062,359065106,189106586,293626100,
11322942,30076,1036809,875812,257042182,129798653,200400600,
12880389,34820,1622182,1191311,282798867,127445545,199253000,
8432889,11904,787030,662583,204811500,96962110,151615400,
7181919,10576,741954,671140,173717004,95530867,149256200,
15718909,38588,1761487,1257087,329363843,159063741,246959900,
6737161,19612,502698,353206,163038403,84746925,130764700,
7706541,27661,1342081,1198474,187132739,150183530,222539700,
30420350,58388,2599173,1988379,673912280,330254585,445532400,
10814729,42263,1590025,1001851,234400883,109749258,135479300,
3541360,27470,389841,246849,75097958,38138921,59129400,
15877572,25307,1452641,1254693,387267138,195094984,300967300,
16683723,39704,2172074,1676752,366396159,177344012,270369200,
4771162,9942,626045,508317,115232609,52707615,83641400,
8893699,12849,1024735,878881,221390454,100972771,155826000,
14125371,20630,992347,826607,313653945,130435722,203132200,
9750346,33024,1164707,754015,218482699,95105773,149452900,
2966224,4012,454537,412906,74199166,34260451,55201200,
11232163,15873,908249,786182,271714618,115973996,181457000,
8020150,31637,1112935,639668,157726808,71705630,109144600,
10074507,13901,1049508,898987,250755420,114227864,172340500,
13212789,17394,1375164,1205655,325121553,146272440,217878900,
10707621,12812,850878,773391,262398708,111557920,172474000,
13695976,41268,1787141,1214719,290030852,130769130,203729900,
17179406,20932,1453481,1272802,423515639,190844480,294250600,
11726131,15461,1035478,921887,290947616,134495183,203553900,
8097089,23434,1001216,694330,158765728,73441246,112060500,
15867228,32297,1592772,1231652,386442199,177634931,274839400,
12686762,70771,1518667,1224579,285056386,138028731,212052900,
11761959,150647,1039058,686671,222814322,93253769,142188600,
15232241,189415,1691730,1000384,255361087,114548182,163456400,
5459945,18221,1099852,787078,135832484,70952478,108197400,
16479268,21308,1156846,1059780,403637057,193553033,298446400,
8182146,13282,716212,574423,195240382,90890271,138637600,
9650029,42003,1437667,949550,191332538,85272160,133275400,
18110894,24713,1528908,1327185,445435215,200246078,309938100,
13207145,18717,1338661,1169412,324713013,154296871,236291000,
13488813,24583,1373259,1112426,292709421,131653246,203596300,
14929344,33546,1654550,1276569,357479499,160837381,248905200,
11986715,15284,1097917,997012,298870649,139244854,212790000,
13009620,18451,1263542,1106372,320915727,156492548,238768800,
11230384,33860,1668632,1151372,224278874,105250894,162974100,
2803778,4359,277529,234904,68445175,31901082,51442600,
17501719,23053,1323671,1165173,428428309,200973776,313372300,
15610981,24497,1369201,1149634,350173735,166524112,258907900,
8968966,29378,1238298,874236,205012545,94148935,146259200,
10110833,13333,960981,838002,247489078,110360863,171868100,
1589259,1961,182261,164874,39094714,17971049,29196400,
13833920,36992,1615166,1125987,301346411,139291701,217743900,
1395475,2506,224227,202596,34154609,16234077,25739200,
9600330,13214,882740,753487,235719848,106476740,167792600,
3547120,13778,541851,311060,52862277,24804873,39242200,
11730408,22661,1247133,986339,284998796,128738177,201140000,
8453161,72263,792429,545683,177724681,80930786,127306600,
14638300,146327,1282272,950220,282854804,132139324,203190800,
11712903,115623,1401132,769038,203411987,93454484,139570400,
8637770,12853,892575,782483,205954827,92570080,143547100,
7807667,8525,612023,552536,194020498,86335513,131458200,
6316345,14670,834325,646010,130427264,61013064,94172200,
13529131,27680,1620874,1257169,322693756,145788749,224203300,
1268955,3933,513651,426471,29572999,23014170,34045000,
980063,2595,352979,280065,25288052,17374150,28343800,
4510421,19923,798059,445765,72253695,32915099,53578500,
28107155,35357,1641299,1439210,681567151,303884293,474864700,
7440164,9677,849745,782179,182637118,83176277,127919200,
4842676,22034,726403,450090,81311385,38270949,62707300,
24161115,44158,2501625,2044674,597958120,264372026,412347000,
15000169,17073,1333295,1230666,367607774,163538229,254248600,
3055918,7036,240666,169186,70249340,29264629,46468000,
17943413,26022,1570951,1436721,437890374,194596552,304861800,
20167312,58016,2160072,1658841,461775481,202987887,316037200,
5039182,6761,512373,429352,124972449,55340176,84450100,
10875370,11374,949152,858081,273843052,122772698,187497200,
16407743,17131,1384548,1271766,409514147,178029752,272599300,
14185161,109430,1477954,1129160,256227122,114018397,174053200,
14334132,182112,1154794,735748,256124126,108345895,151771500,
11789273,36456,1849458,1454740,278854930,130662335,199638600,
1179553,1809,407038,362502,33053365,19765150,30905700,
22214483,23491,1095245,994093,540826441,225587914,352490700,
12338558,44570,1539915,1109108,249065759,109044135,167724900,
10120311,10818,925819,834230,254788150,115452305,181373800,
19421174,24240,1764285,1535231,469329835,210379509,330412300,
10875920,15674,1080972,902419,249380708,108377697,168667500,
15662963,35880,1841576,1336996,340835207,154402061,239267400,
17512143,24908,1609619,1414356,425411769,189631503,295211200,
9980302,11238,868102,796436,246306978,106776865,163541000,
14380516,31964,1593194,1238549,310878076,139691904,212332100,
12978208,54644,1691498,1398370,296149469,140030428,210957000,
13359657,131273,780799,511380,256398246,105302973,157766500,
12461119,94699,1035375,821100,260282370,122045997,171843000,
11349064,33909,1618575,1164299,234770361,110541459,162682500,
10583298,11651,979753,896171,264594968,116396760,177909400,
12838937,14716,1190923,1088464,318329494,141209822,219504200,
15478585,37119,1602394,1253689,339409071,146882342,229618600,
14597123,23110,1543698,1276109,356174916,156858339,240779200,
13417648,15536,1155365,997395,327841008,142527446,218939400,
11395989,11912,964550,878472,285126389,122447607,188082300,
16993527,39192,1851561,1366552,374894990,163128985,246386900,
14093073,15807,1274498,1165666,350215028,151381799,226431600,
11747406,13489,997873,874028,290866483,125749273,188026600,
17388203,23645,1526980,1291030,389184697,166097724,251537600,
14717756,29429,1637970,1312522,361934624,155813072,237047700,
9415524,10146,809179,736289,235369264,101438572,152493100,
10201637,10838,1148980,1056249,259250374,114947505,175708500,
11181482,29823,1725007,1289774,238178501,106345604,161751500,
4538249,5371,450541,418149,110575315,47035928,68332600,
8091419,8935,289175,231698,202342943,83696290,128510000,
18546416,23323,1740477,1560373,440441863,194551727,296017000,
10343746,28602,1480270,1086217,237663610,106120113,156763300,
12817480,14027,995936,899017,320056795,137555309,211534300,
17785336,18585,1570265,1426860,447709574,194904678,298072100,
15486717,153231,1483209,956663,279410935,148801851,223090400,
19437789,185945,2396489,1447830,351134235,174764370,241482900,
15568958,30650,1635734,1169168,366158739,169100542,241119400,
10244666,16373,736163,637570,252238985,121837261,177733300,
20007505,46607,1698344,1410378,482280096,244988645,364531500,
16315785,41280,2015460,1492474,337828121,154238193,227808000,
12970232,14847,1144724,1033924,323323890,143083167,217646300,
15273608,21962,1363693,1187354,374008287,163352589,246055000,
14408948,17834,1197984,1058874,328863090,142404201,212779500,
12539322,31337,1603374,1134755,286237278,124539758,188025900,
10786352,11489,1091120,991519,272434543,119868568,179954200,
12220001,14040,1029315,907252,300817561,130401905,193933100,
12679989,40669,1651967,1177060,263629044,113077765,174458600,
9350683,10372,830922,763719,230478410,99367439,150600600,
13906674,17426,1168213,973171,333914030,142851780,218780700,
16811025,20612,1654394,1296542,397721530,176069707,268436100,
15267298,43715,1928381,1178829,305185716,136381486,202746800,
15739878,129342,1409463,938167,292313142,127734632,189606400,
20427648,180017,1929551,1490445,418206710,181235561,268396200,
12352475,41181,1623138,1197432,256143304,112432119,168386500,
5255644,7732,582079,439325,123338502,53422395,79767900,
12922874,14669,1067018,927231,319231592,137573242,206632300,
15601590,17683,1425340,1281033,386142709,165123402,252378500,
14010167,43466,1769162,1101078,300827447,130336778,194758600,
17049802,18053,1321355,1190846,423834366,182564815,268656400,
8200256,9819,1223897,1130449,205131538,96063926,139798800,
2884344,16136,723179,456491,29135595,17637430,28337200,
11215692,18766,1002622,747662,273000678,115500050,182116800,
23863774,26644,1707569,1571880,584254022,253495785,385256700,
3662574,4939,575385,542512,88651972,42071028,62449400,
9022390,33429,1348430,952354,187448387,85971686,135354400,
21635107,23911,1760421,1558840,539294865,237817381,366331600,
8527127,10662,949373,877601,209107081,94311938,144220900,
8931519,10515,762413,668075,226016905,99399148,144493100,
20546145,52337,2438205,1908442,456354323,206598422,309235700,
13108992,26236,1106596,1019566,321007394,140516671,212783100,
7814735,9524,627353,575699,190940130,81445157,122278100,
16971976,23312,1577059,1392525,385710721,170573960,258413600,
15607093,33635,1765653,1385263,372571467,158582761,242156200,
8265243,8692,699513,612127,213438599,91130937,138121700,
3877138,5449,783168,703895,103533308,53360408,80730900,
19814916,140801,1335282,948789,404443033,172326065,267135100,
19265440,164564,1627248,1226480,392866412,170827665,261173300,
10101921,59769,1315682,865684,209450063,93416924,139828000,
6851906,7525,773599,683957,175894010,81315177,124695500,
10374232,12021,875814,811102,252842486,107096434,169051400,
17431781,36261,1872623,1437271,373733820,165202748,253447500,
8038009,10119,816274,692121,199326371,87162898,130862600,
5026898,5729,560862,493195,128853352,59321206,89252900,
13584846,15428,1302915,1205342,335792248,148001981,226039600,
15898720,35400,1709713,1255141,348900022,150501804,231205100,
7703167,8747,525743,467867,191812625,82861406,129221800,
4392191,6110,630301,567369,111274103,50032989,80569000,
10232682,115238,1039723,750356,168333263,79763992,124568000,
6602683,125332,1078181,807342,95658550,52714758,79139200,
20545096,45061,1562882,1149637,474628520,200243844,313705100,
4423067,5310,536530,488341,110412878,51303152,81296000,
8753338,10343,580128,528478,213167422,88747973,134510800,
3296808,22654,765365,381078,38873511,17853122,28405600,
17856952,26080,1538019,1317817,443338365,202521774,313226800,
19567989,25723,1844890,1646410,478031419,221446237,342298700,
4303549,5715,399976,342545,86259451,41282186,65817400,
14515929,35392,1592506,1130691,332444384,149774658,234291600,
24426047,27329,2124337,1931316,607403254,278718716,432107100,
2847684,5693,430537,351868,66609343,33826406,51268700,
19845572,109888,1897806,1519706,408721064,193670036,300677500,
22634816,138096,1739528,1428285,487228417,213677210,323887300,
9942298,39527,1431655,972483,207779256,100341633,149071600,
15874842,19717,1430081,1255425,393134112,178740853,273986900,
15708585,16777,1322853,1216585,387965665,170301485,257426400,
12127625,47303,1514448,994629,229725220,110836210,167211800,
14023832,17319,1137758,1003195,351358460,151719365,229666000,
16256259,19536,1426465,1261294,402625754,174746119,272185700,
10379438,15176,1076307,935159,253376899,112798169,173603300,
13599406,38820,1739544,1225497,288155907,126522630,195775800,
15707108,19499,1368930,1206692,384864146,166542469,255253900,
12355317,15213,1169547,1068974,307921794,138349471,212173100,
16633899,155189,1544639,1078007,322279045,143434286,221302900,
18292089,190423,1713666,1253924,373293461,162018921,244546900,
16312100,95063,1878292,1260592,346004316,156275305,234879600,
8535605,12254,944077,808657,213272592,99994669,156151200,
15394045,17539,1345339,1239156,381039903,164448560,254795400,
15882044,33934,1539007,1121181,331809028,142174368,219901100,
11134362,22062,1188046,960437,270377257,127579004,192287400,
14384786,35172,1318213,1162805,353270814,154708145,232770100,
2944706,5340,872859,753922,74663185,42748217,63054000,
9947794,33329,1231475,744691,198494118,90117961,141095900,
18698920,22660,1312611,1162828,455476918,206479259,322327500,
10343667,11701,986556,908894,254933503,110984538,170360700,
8240999,24447,1044723,719239,164189848,77550865,122270400,
26079453,42691,2565527,2117678,637843833,288513194,448501600,
8612381,10513,858728,795000,212233364,92648412,141976500,
9426319,11980,883480,745930,234465728,106746201,167439000,
26090512,49144,2539997,2009157,591497563,264532495,408879600,
9436451,13556,985616,866762,228143351,102263374,158598800,
7625094,9252,703095,579114,191000514,86689219,135760700,
17516110,32855,1383545,1234422,409103928,186277901,291104500,
14905606,45389,1987615,1478780,331291370,154082706,242833100,
6774948,7756,599759,542725,169114736,74475342,113799400,
14696498,17494,1192196,1041130,364443050,164466379,256996700,
16748427,38627,2111097,1585165,364995071,177266769,275575800,
11401900,14136,777449,696401,280451851,121613485,184320300,
13118831,16730,1156699,985469,325499736,147262713,228947100,
12976800,14933,1067308,967493,321366029,152011850,234208500,
7041493,29313,1237242,783894,130192736,68540117,103531000,
17582796,38569,1782120,1442039,417934427,220619112,333938800,
18328372,28058,1569979,1233100,431253852,208997282,294577200,
8841473,39327,1665505,1053767,157550110,78728469,112383600,
13924371,36139,1253626,1084820,335690858,172872682,266213700,
19117604,23539,1582868,1391848,469849283,230491987,348722300,
12343621,16498,1207181,1050945,300777007,135794701,204065900,
13279270,37255,1720068,1229602,275868023,124163268,188268900,
13216030,16825,1169712,1009168,325699076,148507001,231530800,
14977486,17733,1488890,1364196,371192248,166346714,258280200,
13029826,37692,1547177,1108011,270487684,122692957,189086200,
12371860,17888,1233971,1010036,304432324,138744870,217100700,
13520880,15819,1217675,1115804,333596708,150726044,234795400,
10575600,13827,1106445,968952,259780816,116912075,180458200,
14026152,37109,1714383,1231215,296259111,133009307,206572300,
14828161,18131,1310220,1151865,363400390,163185424,249132700,
12858642,16718,1194821,1053277,315190287,136076569,206738800,
13716150,30539,1458222,1094409,290366661,129419903,200321600,
14537245,24454,1570540,1296472,356808538,161209436,245718700,
9880154,13351,906357,807443,244816703,114096164,174747800,
16368801,20737,1313149,1155282,400416802,177119458,277199200,
14264856,47663,1687628,1142666,294915922,128926815,201788200,
15679112,17989,1514567,1375254,390505778,172857571,271354500,
11699051,14865,1082950,953461,284605525,125953847,193732800,
10937707,23164,1022510,871428,264174459,118338687,178951100,
22943142,168901,2017488,1542828,468641263,205444550,313198900,
17440133,203648,1634534,1173508,346953261,152764976,232130000,
12725526,63837,1681678,1134557,270141057,121316495,187004700,
17090689,20834,1580584,1413707,419249178,184603444,286301200,
10841633,13477,996142,908465,269087881,117852612,183156100,
12330654,33741,1510712,1075637,241159289,109730221,167324500,
15083467,17552,1496418,1318509,375030271,167173697,255682900,
14444348,18171,1211913,1066029,352533040,152517040,232786800,
12457541,15130,1110110,968018,304788960,135906856,209749300,
17009508,38472,1926228,1447066,368644496,163692023,255745000,
11508389,14691,1215943,1080555,280082944,123547974,192019900,
6689230,7403,715825,651647,168726497,75003737,113525500,
14024149,31656,1351273,991179,292912418,128093069,195603300,
13397522,22632,1339122,1041285,324593660,142968716,220230800,
9122035,10075,907449,832549,226114185,107240732,165685000,
15144889,17182,1306787,1144122,374410741,167941019,262479800,
17387689,149905,1878836,1439834,345941036,155630069,241693600,
14456008,178057,962079,499629,276513734,124465782,188756600,
23493634,120141,2793241,2066297,514973067,236992777,349962400,
10337703,10986,833155,758023,255671514,112543462,177193300,
8274402,10607,1089779,954848,203271829,98300440,149363500,
16718239,29972,1422445,1201971,356422669,156680822,241600600,
12489567,25926,1665285,1303585,297653620,134100204,201536000,
12222766,15616,1065666,936897,295302911,128875213,195191300,
14115474,15849,1261854,1167340,345935905,150827868,230250300,
11744477,13864,1043604,921336,276545485,120425330,178928500,
13755466,31989,1739950,1320918,301880513,132777748,198682000,
4322358,6700,901995,780552,108045915,57510183,88258000,
1490148,15860,425186,312007,25225161,15889112,26429900,
28483415,140008,1696296,1352192,613984015,261127632,408893500,
17463728,138480,1865014,1275115,322071382,141399511,211833600,
4070704,10394,520605,384575,97678205,42986880,58120400,
21623721,24342,1822852,1639244,541094103,239407339,362100900,
15019758,18366,1442469,1297889,358989185,156282880,240025100,
6631487,32359,1006592,552631,119351448,53056983,76176400,
20704758,22884,1857727,1706177,516277145,227356074,346074700,
15539345,17382,1358165,1256543,384573980,163622294,251541700,
6873519,30349,853069,530342,118573205,51500553,74230500,
18333871,28910,1651608,1319349,440424036,191892829,296048700,
16810955,21528,1806036,1444220,395118095,174596684,267635600,
12919093,87414,1298132,807910,249788801,110579407,159534400,
17055364,195380,1652813,1196564,322212932,146448633,213399200,
16892699,130521,1821183,1202652,338900171,144436335,207956900,
10912106,12135,924046,845901,268350496,114627901,172862600,
13268206,13291,1151332,1021894,336940353,145650861,227514300,
14378933,17573,1099019,962684,326453150,139218331,212804200,
10470756,26108,1370744,931094,242075739,104702278,164058500,
9741602,9875,960511,873071,246948915,106505843,164305400,
9713749,18891,535293,423774,244119435,118139305,182514000,
5824211,41780,1167801,639685,113290411,89815025,136135500,
10735831,34547,1068838,817408,273962021,190797451,235513900,
28001113,59873,1996810,1713690,679794931,367983135,376397000,
13842323,18978,1160926,1050346,315974471,153189712,138736100,
18860895,174325,1681684,1028966,360529276,154411879,200965900,
18567073,161457,2009514,1566886,386801345,169483704,242258900,
12338782,15283,1000212,899488,305447405,136966755,214235400,
9663598,11445,1051224,955134,243129412,106133318,164737000,
15522518,17387,1409892,1290579,365818551,157567065,244383300,
15130622,37363,1641941,1200810,336560500,146092316,225600100,
7959623,8522,854764,781882,201363171,87225298,130627500,
13021051,14702,1254051,1148540,325525722,140466404,212886000,
18439861,30936,1751731,1453116,411804535,178591519,275041500,
11583982,24313,1298648,1032788,280524942,119564458,182587300,
11085873,12931,1054216,958108,276896160,118997752,183149500,
15405195,17835,1267637,1151495,381467009,162540953,248948500,
16854683,41204,1932889,1448665,366987890,158617570,241462100,
10494216,12888,902536,818196,260240330,111658379,167297900,
14938281,16269,1315448,1204927,372511772,159566210,243496200,
15137181,17268,1449964,1322664,364836775,159858704,244112900,
13177897,36152,1651548,1199497,289232486,124321896,189270300,
15225805,52350,1263398,1077829,350850684,149364130,227656300,
14296673,107396,1420936,1091653,301310001,141649050,212522000,
21086097,171399,1865891,1237967,398578422,176422172,258520600,
13051379,16213,1221900,1057349,324051870,140361371,213651300,
14076875,16100,1312381,1195907,349538857,156007894,234017800,
12295334,14929,1173587,1066820,305947397,139772681,210848300,
14492241,43857,1778601,1303793,308534530,136807113,207604200,
9625099,10876,1058047,959413,243095702,109863505,164879500,
12545516,14699,1174699,1060194,311240227,140184448,205752700,
12158010,34276,978585,762603,261409723,130099991,200318700,
15994681,43195,2205794,1655630,373605794,191480245,283730900,
11750074,21292,1154296,832645,269672043,125081174,185836100,
12283702,26087,823511,607325,297915490,140774897,212855400,
18532887,59854,2417116,1837133,410778955,224168112,332196000,
2943704,5667,613416,557436,70440705,39582848,56418200,
14003256,34692,946336,808084,331487072,144902605,219585300,
11877682,131089,1024395,710945,227554266,99194788,154405400,
19572499,207605,1624168,1200607,378096002,173460352,261487100,
16623753,36053,2127149,1685249,397910763,180845323,272537500,
7705194,9207,626609,567384,190688707,80531557,119896300,
9929061,11001,1010177,913232,251961705,114675248,178965700,
19891952,40764,2137607,1635173,445038249,197886656,305217100,
12355406,13508,1078865,964143,311347964,133902613,196843400,
10282989,12248,1112488,1020521,256830881,115689586,178016800,
13928894,20376,973967,867102,323685767,137209892,217810300,
15149295,37762,1876455,1418592,342833936,149230757,234150300,
12047219,14328,1060195,966996,298979237,129990935,201025000,
13446805,15775,1235864,1131407,333117434,147491795,230150800,
17366852,47551,1943309,1453202,377734694,165591203,256328100,
11881360,15300,1093648,994841,293281970,128226541,197291500,
11328763,13581,1030641,942834,280293090,122684045,186856900,
16640526,118009,1349600,1006666,349715440,154370096,234790300,
20741361,187303,1814913,1340316,404370154,176776498,262158700,
14898566,54804,1818941,1297180,330746463,143705038,213969200,
8791039,10246,1017299,929987,220921312,101436759,152116800,
12982638,14211,1181803,1085237,320968706,139586450,214914000,
12958081,29207,1572578,1239364,269875117,119250403,186423100,
11601250,18967,1131417,909657,278955841,117294247,184458900,
11472531,12966,879793,802100,280821613,120769227,189716900,
14891038,16233,1379903,1263479,368568190,161602459,252452100,
14408518,38002,1833445,1336294,307151115,134770076,210266600,
13368127,15279,1151120,1050760,330395919,152046295,234165200,
13646482,138797,1152843,1049755,337815762,152114211,230758200,
13217201,18087,1125890,988384,295140953,131179919,199851400,
14258766,33055,1873353,1444863,332001393,155726298,237280800,
14068070,16084,1197468,1088230,347230811,154154340,235630800,
11954024,14273,1145780,1058604,295589646,130357366,198530800,
14467374,37193,1834242,1358634,318059293,143536282,220169800,
11539720,13295,1009939,917910,287123799,125469859,188970700,
14687246,19710,1263353,1140603,362557184,159148348,241791400,
11546427,14737,1099021,995949,289432097,126389047,192902300,
15435259,38615,1796127,1294450,334649040,148636566,227507800,
16159913,19346,1378767,1250438,400194454,178703410,270436800,
11641651,15764,1111650,1004453,290274136,127518738,188320800,
11708843,20165,1163203,978316,256621794,113710812,170159900,
13504371,31419,1645056,1257342,322313174,146312588,224506900,
13455859,15651,1195670,1089846,334977805,145248524,219390300,
10708276,13157,972412,895719,263731175,113230616,175331700,
16620349,43782,1965804,1469416,363159484,162881444,250188200,
11837659,14313,915971,817819,293237097,131326317,199727900,
14640382,18030,1346829,1233205,363046733,164974412,251869900,
13413027,16275,1152766,1038776,308390357,136873256,204831100,
15830913,34743,1720292,1254639,377360408,164216368,244462800,
12780049,15697,1169591,1066792,316962921,142731844,216197100,
9572222,12923,1089748,997285,238154520,113623212,159540600,
16143274,35317,1796758,1417601,354355505,157634161,234918600,
12717873,17296,1368646,1188521,315491291,142793264,218538700,
9970689,12290,925007,857689,243232385,109814994,163607200,
12064781,13781,952860,876196,295174273,127356920,192474500,
13501633,31023,1830457,1386103,295611233,130664953,195624800,
18301049,21786,1436139,1296303,450881427,208413961,311412500,
9825348,10906,877149,797508,244629061,105187710,158946200,
9016926,20839,950065,700861,184409885,81044089,115401000,
16323034,26217,1741363,1384068,414888520,185136701,288315900,
16362398,18881,1566687,1430897,405345762,184086720,278737400,
12584621,14032,949252,865265,311073162,133982654,200540600,
11940699,31857,1677612,1214557,246414315,110200659,162128300,
15534067,16672,1316169,1204992,388531478,168926860,251370400,
13231590,15170,1179186,1091556,326839286,141623021,222437200,
10159484,17160,1035302,870697,219481860,95640528,144105900,
8921312,23479,1348480,980519,211866420,95055525,148821900,
26505909,29684,1940936,1782330,652150389,290163255,444789000,
6398890,8367,762326,698249,158966082,73070409,111215100,
12048385,50674,1421096,937374,240783623,106420293,166469600,
17969257,20676,1527606,1399493,443976857,195092397,304484000,
11380695,14515,1143362,1044636,281556159,129987263,202058300,
14465872,15692,1096686,989955,346416422,153307914,232885900,
14505068,40265,2030453,1529802,321020204,145168040,216668500,
13738178,73215,1281896,1046704,309449246,138649644,215860200,
16947735,181516,1592445,1150572,344214765,157430823,240552000,
20559432,195852,2324888,1560358,386920693,176339363,262631000,
11893989,13321,1045257,925960,294613543,133578841,201772800,
12704563,15146,1161361,1059571,315387588,144568096,218994200,
13324312,15318,1070802,976655,330213157,143172918,219585400,
13563863,37741,1635877,1166409,285645434,127736147,198780300,
13383354,15489,1123778,1009078,335373754,156161536,240724400,
15522050,250970,1411773,1292992,385828424,176729728,270145300,
13836893,93032,1478047,1119468,296698102,130726073,203618000,
10535257,16550,1196154,976497,261599327,120637878,184297800,
13280472,15769,1334396,1210641,333631452,155870804,235438400,
15817824,18321,1115486,1014494,391583390,170120445,263718400,
12602924,38108,1768783,1268321,262377765,119344529,181259100,
12579134,14796,1131819,1026756,314161496,140756122,221431800,
11041041,13777,1030497,951603,274588618,124029159,193767400,
12664205,23185,1098024,879561,270324492,114992182,179834800,
14642973,26419,1670659,1336493,359216575,160271737,246235500,
14977933,17232,1208589,1095096,372461628,171712106,263482200,
10650296,11883,983515,900758,264442386,116208058,177257200,
14800204,33726,1588980,1132120,325964124,143770259,217849700,
10759778,11637,1131234,1038958,272465995,122045342,184581500,
7808551,10201,856622,789405,191946622,91216088,142794700,
12713963,288929,986210,807567,277908211,123816769,193473300,
19373129,172391,2053529,1500529,422109900,185857814,287333100,
13937556,163984,1190664,811513,270118424,130419656,194679500,
13840060,73248,1342885,1018186,305238965,151445641,229490300,
12377239,45070,1576114,924067,247065163,111285395,169329100,
13581476,21962,1023777,808497,328137171,152419424,230828700,
9674794,32253,988657,781259,254371429,143029727,218179000,
11148825,18067,1153134,942135,246685214,118381600,178794400,
10927629,27382,1193291,854086,270611372,122643186,182934200,
13513745,13878,1112816,971046,351005343,158141050,237960300,
6759384,10546,636012,447721,161141998,68981240,106905300,
14463613,41576,1808228,1094684,301599927,130185002,191153200,
12148203,24848,1183811,746674,268820429,129485025,195792000,
10158028,40671,832080,668351,235016384,100016429,153839600,
16898095,132941,1304562,908701,348217530,148766826,224605700,
11187448,155379,1463600,795578,184089623,79734873,112218400,
10833935,9945,846668,724960,286785996,121362552,184472600,
10087792,9462,710402,616920,263396304,111394782,171531800,
8874109,9447,761275,660585,228707701,97704783,152673200,
11221774,32333,1273813,820940,250049920,105909727,164115700,
10097986,10553,776930,678535,259259403,110045977,171932400,
13360647,15587,1212853,1111606,330451623,144281055,221188400,
17912025,43200,2139185,1650029,397855722,176168651,269529800,
12448660,16637,1265885,1160226,306219101,135828733,206253600,
11184244,13296,1017357,930535,275120582,124210516,194095900,
16243340,19111,1329869,1204358,390875774,172778588,269715200,
16416472,120336,1512641,1166484,335945251,149114702,229565100,
17615921,168695,1546357,1143407,354209901,157569431,242012100,
17674051,76400,2119641,1615041,396718426,184940692,279311700,
12510873,16440,1129517,1029362,307818947,134285569,209028000,
11794597,13513,1106984,1026400,290235911,129440482,199586800,
17052751,34161,1756091,1387864,364331055,161298635,251999900,
10880710,18465,1171248,982794,264582116,117315815,182520100,
14008465,248352,1165123,1061498,345302321,160089123,248215800,
13027591,15053,1203522,1105626,320789370,145398209,227006200,
14735415,41035,1875892,1439508,314731468,142284694,217148700,
13290146,14548,1128657,1018770,332100041,148197515,228750500,
11495886,13207,1049048,948893,287606053,134696895,210068300,
13779284,23489,1339701,1092652,302909230,138202740,214182000,
12322161,29987,1687000,1340032,296649022,137062413,210283900,
15146963,16191,1162208,1052300,375073942,163917699,248060200,
9786885,11893,1016654,924838,243971443,111171951,164961800,
13656043,26786,1360994,1073334,299390490,131416581,196253000,
13468790,29303,1756080,1427818,327563755,145218791,221942100,
12481276,14258,976229,888891,309775611,132051416,201915100,
10833464,15201,981299,898399,266476009,115901176,179582100,
16438146,56118,1969332,1429251,351553706,154751957,238565700,
13429157,14968,1093875,1008523,330166769,141831195,215916900,
11429511,15330,978579,884411,284350007,123511933,191613000,
13519907,16713,1044948,936728,323585507,139529124,215722200,
14081458,39680,1826059,1331480,308376046,136477455,207909900,
7834014,9567,791670,721831,196220420,88362051,138368100,
11078498,13273,1056733,968542,273802336,120376244,185478400,
13495341,32563,1524490,1165803,291869250,127315392,195578200,
13960634,24047,1291263,1058393,339127443,147284336,224871000,
12937690,149772,1220009,835402,257504452,113948542,172182800,
13955289,203340,1297927,872787,258619725,115740235,165841900,
14587993,76489,1780878,1236968,293561193,128108692,194829800,
12670126,15568,1012004,927312,311550216,134559242,200760900,
9024438,11008,705250,635979,223821079,96194287,145196500,
10266134,26127,1341468,1028778,220207295,99926685,158426300,
17811517,29414,1664885,1363041,433594304,188381781,293290400,
6162651,7959,833343,761921,155660624,71906800,112745700,
11690813,13717,1057204,966596,289800840,126566857,197786800,
20818572,51531,2250777,1682978,465701566,208346891,324196500,
9447874,10637,689254,627430,230744122,101463817,158433500,
11746509,13611,935296,844780,293356200,126641745,194581800,
17839117,21881,1432605,1243944,415304237,182990655,280015000,
14463128,81625,1880613,1316425,313891655,144753259,225672500,
14811061,161831,1224799,845091,297250274,129796945,195967900,
19354211,167058,1854330,1456310,407287133,180415861,267972400,
16087655,37232,1608331,1177070,348375434,154073015,243730900,
6043016,8545,1038211,893630,156550121,76339303,118857300,
10310662,12182,914628,833286,254724529,111516978,172812200,
17712148,19355,1424905,1305685,429708674,189013449,292340100,
12648431,33826,1586880,1131340,276294272,127441486,192499800,
12326056,13854,1126834,1023687,307206456,135357210,204671000,
14813996,15695,1358220,1248181,368134677,165684577,251062300,
17099186,33836,1724930,1344755,373333629,169675102,253295000,
8779894,14433,993566,818218,217055633,94411342,145804300,
15859882,17587,1332858,1209195,394044289,172340196,257183000,
14558412,16164,1270689,1165012,359848451,165588689,251550900,
11290385,28268,1408132,972558,240058029,102793871,153664200,
10334858,10779,933923,842380,260733556,116426670,175749600,
14370207,105772,1473800,1172676,295655100,134400380,205729200,
11344887,166013,1290742,783351,151260956,70732405,99198200,
16186946,21672,1014407,797546,399529217,166078078,258641700,
15183903,19653,1527790,1409712,375391733,173917774,269034500,
7106279,8881,695111,632347,176258025,78162082,122186900,
6524843,24882,1324638,918749,126504538,58819075,92795700,
15990262,18796,1276421,1175705,393518883,170562979,266627200,
12673722,14346,1037630,938516,313121479,134322678,209516000,
12105402,34842,1253063,938924,249529997,120905789,187683900,
10298387,15327,1138669,912271,259128386,116512650,178378600,
14437696,16118,1340827,1228226,357236871,156795413,237060900,
7933461,9103,981270,903820,199435597,90284541,137149100,
14441113,81744,1296324,931228,276900533,121621972,188714200,
17758394,143835,1364133,1065294,362847870,156276375,237669500,
16039248,71471,1410910,1090198,362897709,155177287,233630300,
7253088,8344,932018,853207,184623269,85911764,129404100,
8591005,11658,881403,808192,214102646,102142695,159306000,
14583815,33876,1615595,1248479,304503680,131866344,205495800,
13677203,19238,1368579,1186821,337897828,147455268,228305100,
13862867,17473,1211023,1099222,343296430,163227705,249783600,
11563643,14272,949696,867984,283900965,122097814,182458900,
17563333,43323,2118869,1600086,385893469,167675000,256247000,
14084233,16922,1049940,952849,348104246,166658377,256342500,
7441247,28490,1011486,834161,184522237,115169160,178248200,
28712910,42043,2394524,1960308,648238837,305900419,470249800,
12588781,165202,1401306,810383,221049391,106786597,155200400,
11049882,243431,1460981,909062,169918846,106844105,143270400,
25096230,58496,2342062,1801089,591395674,274520443,415387200,
9141690,11564,953341,875544,224242132,101935797,152081100,
9740790,11505,849335,765887,242994668,104368238,161359700,
21272571,45011,2248657,1696524,465971803,204424030,313327400,
12511868,15333,1238081,1138678,308110040,134905698,204931000,
7137346,8766,773828,703313,177579046,80516738,118479700,
17961989,25480,1606580,1456705,425903216,186904163,279859300,
15289717,43501,1810706,1306058,331017147,141767962,221925300,
8985674,10343,754218,673906,223607479,94883747,145337600,
17703211,20247,1634819,1497053,435180509,191446938,294042000,
14537006,35789,1501977,1151217,307896612,133256082,205088800,
10928040,19240,1201059,945581,267789962,115485215,175922300,
16570501,18811,1501845,1371964,408768996,179235121,273113900,
12498488,13999,1014199,924450,309913490,133494088,199795700,
12424437,35526,1599736,1114658,256540717,112115768,166593500,
14214214,16726,1103778,990630,354862076,153534481,235888600,
14586495,16447,1349587,1243833,360086212,155355117,235062500,
11865688,18963,1008598,812917,259233676,113964256,168845800,
14420846,35443,1825204,1377190,346854361,161451982,245477900,
5776861,6630,575284,544931,141176494,60086505,87778500,
10464985,11451,902953,832346,259960641,112486824,168013300,
6923245,11102,608593,515789,155908277,72318969,103028300,
11993587,128312,1609695,1067498,231914617,106708028,160631300,
23232003,28966,1703471,1528328,572038430,255905231,394121400,
7386118,8903,869853,797099,183505808,80158951,121829900,
5700320,6000,507805,471099,141489270,59731532,88764000,
17330263,41341,1936930,1440431,375148533,166687113,260431200,
12211124,14034,912388,821206,304507284,140747471,217555400,
2229328,3349,423517,390851,54485443,27186070,40235400,
4673419,19709,627634,370624,73928155,31195767,47148100,
6821685,17390,808318,567273,168525350,75363793,117117600,
10640912,12693,985422,899477,265199472,114668963,175815500,
16317896,19035,1501890,1393986,401940504,184550391,288142200,
5340336,28959,844289,413947,85739947,36412014,59089100,
4205684,4960,419433,376675,107651064,47461383,75680700,
10097104,12059,956867,887623,248015862,108292399,169271900,
2922938,10693,784264,597959,47285108,30026375,47692600,
7731059,23274,694097,361541,178340952,72972299,115429200,
13973905,15919,1268865,1171226,343091035,159723860,248079400,
12626109,14561,1062163,972981,312401705,135270253,209841600,
5088614,25053,1057691,661537,83102693,38512940,50617200,
1814838,3204,168377,133344,41266162,18325822,24761200,
10574217,12056,943033,864645,261282081,121400211,181701000,
5601536,12992,545203,478865,126779148,57086840,89240500,
7362770,26390,1153284,790181,154593870,65079682,101739800,
13325139,16443,1174481,1061866,329425809,144050580,223822500,
11676552,12534,1035390,927984,294012652,131848725,202913800,
7960631,28814,1167753,761175,150734532,69306707,108275100,
8386944,10461,740005,675003,205544673,88883154,138971300,
3268183,4246,301479,266708,81865940,36017496,54273300,
2928280,3913,313481,279979,70140077,39293512,56049500,
15878615,38047,1952696,1488295,364546031,160835644,237489800,
13400234,18087,1104299,893482,318549938,135888956,207225900,
2314465,7495,704364,421604,38270200,25116435,37343600,
6098294,36086,1134360,451938,58388249,29675059,41373700,
16007788,17875,1153444,1063966,394041960,169445847,264836500,
11785533,15038,982783,897543,292966205,125289074,195773500,
5572311,7294,480234,432047,120591292,51888090,81912500,
3588893,29405,865068,464761,60339851,27291734,42863700,
12323593,77144,973719,839398,265991031,116910680,177241500,
8263660,9158,719300,667741,204929389,85029765,130755100,
14902755,35576,1220768,849988,328877624,144824514,225990500,
6398340,14931,1198863,965755,156590352,75565407,117306300,
14177548,17322,1296309,1177259,354130394,157028884,236446700,
6755323,7731,550762,518829,163655125,69404146,108132900,
3364708,26628,748288,310774,36371934,16199726,25712800,
5787691,7661,483806,436095,144618150,60874132,91129400,
18825603,21218,1824019,1683749,469940934,211282857,321660500,
13159107,30951,1308488,961327,278864294,123461047,182743900,
5803720,12568,758858,591229,141807460,62624986,90673400,
3842345,5173,481502,436402,96495744,41262976,66263400,
5374824,5982,367305,331880,132783321,55491533,85386400,
11075457,103511,1153666,823614,205002457,92844407,138160000,
16157452,34617,1669630,1355769,388529882,172507345,263220100,
11784297,13014,932488,866745,290255141,121309477,189685400,
2799446,3209,313937,285678,69474715,31711061,46430100,
3454875,26379,771245,353009,37970337,16286986,26197800,
10210473,10766,933648,848974,254960822,111486771,173738800,
16313633,17296,1231443,1130779,404795571,174747383,270902100,
11282960,16607,1229891,1041619,243781647,109789577,164357200,
3397963,21249,835397,511834,71629158,33215487,51686200,
6738482,7599,541728,498686,165585386,69861325,106402900,
7022871,7103,626015,565030,177909023,78791711,124570800,
9813629,33273,1475968,1006268,199956522,89460463,137392900,
6587580,7544,504252,468314,160387662,67900900,104765200,
14732363,16573,1035020,937661,367680263,161404058,252635100,
5987341,12801,855621,787585,138494234,62834399,95250600,
9066595,32176,1276809,833202,187839278,79873811,124470400,
6461369,98655,374229,275509,111363974,48433744,75749500,
5899247,6074,608194,545971,150897704,71754469,112496100,
9505048,32914,1099032,639920,189163469,78586940,120771600,
9859451,15758,1106487,1018884,230884191,103931211,161185800,
13167121,15118,1100214,998161,325632841,141364513,218161300,
3270895,3856,331911,299233,74270957,33215324,47108200,
16329971,41156,1817323,1320931,369343145,160641559,251044800,
9785837,11651,976485,900129,241087528,108228529,164251200,
3801436,4167,386147,362742,93027056,39073630,60792200,
6130450,25014,1056258,675466,112769647,49754316,77762000,
13656547,15658,1309656,1196908,339817792,151207121,228838300,
11412199,12284,1047006,962177,282378466,125003912,182792800,
5621098,21141,369116,263679,123200717,61598717,89974500,
16041527,100030,1688089,1015484,315068266,152529738,231160300,
7215868,15438,1116271,836395,162128080,84536002,125646700,
4375241,11763,451107,319029,99495338,44728098,68312000,
13149157,40995,1204847,942029,285150699,141251943,208642200,
13225504,28733,1380047,1032296,322315490,152686432,232051400,
1137512,1756,361357,339903,28116977,14294777,22887700,
12401383,14548,954970,839718,311197864,151094942,233217600,
11114009,32491,1646881,1226454,229826607,102887735,155140900,
8551056,9836,774909,701538,213745660,92266932,142671200,
1585835,1807,117308,101529,39559096,17484059,27941700,
3708274,4637,557638,498604,95855959,47524565,73993100,
18135495,55568,1928845,1402528,397532095,169727382,261636300,
14135079,16841,1362218,1248054,350649660,156707309,233760700,
4988389,5493,345010,314475,121495351,51283045,74820700,
5192434,22761,940322,624496,89462275,40721706,67289000,
6180985,12821,598934,434813,147285808,60678337,95699300,
9736876,11640,852689,780466,242106328,103804652,161663200,
13453086,66913,1116516,997147,308784662,134014809,207331000,
11012331,70946,1599715,1068547,214725705,97483301,144903800,
9705404,10992,343976,256627,244625065,101733531,147664500,
5157296,7468,719789,675195,125833358,55396209,85847900,
7352153,13798,740456,569762,150244901,65155029,96842400,
12945073,28474,1392267,1033604,318395865,139436742,213127500,
6593963,7668,829904,749723,169649891,77426092,112830000,
11398837,12833,879503,807979,278410806,119158856,180490300,
12644820,39129,1700688,1268104,267897090,115385844,180660700,
11048,187,5015,235,73884,84823,165100,
3361774,4035,417581,369798,88808133,42671498,67707000,
19412214,24021,1686293,1510047,465062477,204049630,319101200,
17264085,33034,1953737,1568428,403591470,175106477,271317400,
1122210,12614,60353,34824,19118250,8415716,13200600,
5053888,42687,445500,354970,99457665,45975601,72202600,
12061959,30547,1488879,1048574,263641888,115895253,178775200,
8165085,9565,812713,752371,201092613,86790251,136610900,
10699706,12888,918444,829782,265267426,120473504,185190000,
10348064,14979,867935,752912,230986167,98443276,151508900,
12755543,26754,1508974,1137287,300422576,130040240,197295100,
1651372,2075,350341,327248,42138083,19746996,32180000,
11370604,12445,910922,831213,283638222,126663789,198002300,
14143332,33733,1808538,1374625,307900489,137709791,213136600,
6997966,10580,650633,570253,169480091,74861803,114759800,
3641270,4027,211710,185056,90004358,38756741,56403900,
8083884,57448,761976,613311,168510313,79012108,115405300,
14192172,34437,1677313,1182895,316557787,135961983,210044100,
9653947,11132,879357,795429,238825838,104662401,160538000,
12231283,12478,867619,781191,305954654,134143467,201539100,
3094456,10291,693101,507058,43661463,22209792,35358000,
5897636,18101,810441,567882,138920100,57901549,90317500,
15917428,17413,1415424,1293738,396180918,177739638,274651200,
1420482,2285,270093,241698,35895809,17664746,28158200,
10635620,303410,1305241,881404,222047319,102425571,159906600,
1526562,1764,40278,33036,36829034,14539557,22744300,
1574615,2327,147579,132740,38651636,17776410,28660200,
4538293,21761,946407,587956,84310146,39578687,62785000,
14846440,18750,1301361,1106533,372149687,160010514,249844900,
8350320,8649,624452,553923,209812060,93239722,139617900,
4564701,5455,530491,501066,109881678,47490751,74432800,
9510457,30997,1194702,779871,194705574,84660564,132977600,
1528731,1798,223752,200360,40645944,19312903,31300900,
8239329,9249,718818,666257,202187532,87606554,136887800,
17555236,28872,1541393,1210010,401187552,177479476,272996500,
5085325,40761,864038,664864,103128245,46925570,73641300,
7091216,44330,529095,445343,151212458,65738133,103031200,
1657111,2727,306721,265783,42667594,22011377,36535500,
8559752,29089,1189579,772654,172126363,78215712,122369300,
6932899,7156,664647,604295,177172964,80622752,126436000,
7177569,8409,636291,596508,174084860,76915343,120096200,
3780680,20194,615421,316274,56204027,23914500,37368200,
1451910,5464,269664,183062,35015539,15860919,24926800,
4851184,5218,472452,419640,125035389,57525416,90100700,
5650502,9319,568991,520252,132489118,58922078,92974200,
17776028,43736,1874542,1408293,409786373,192364005,300616900,
7453314,8562,656213,606649,182428662,85878256,136454900,
2563714,3022,184829,169620,61918121,26539879,41650100,
4403707,20780,808067,483288,75289938,39265283,61847900,
6049622,19406,556731,422549,144467326,62017812,95829100,
13918962,15823,1027801,931399,344400808,157567122,247157900,
3307296,4527,484684,449502,82871654,42903217,65683700,
8984834,31488,1272495,845994,178706969,79151128,120964600,
5902099,6601,513718,455647,149170593,70245686,102558800,
5070165,6433,515058,478023,123755549,53108701,79887100,
17072636,21792,1360078,1158845,399263998,175556488,272089200,
4751731,66295,948742,573533,77820095,35995660,54463000,
7570872,26006,609849,531272,177502141,76154851,118200700,
5305698,5941,406540,367605,131434040,58919303,92373000,
5486453,26040,1073214,674728,100517058,44888306,68158700,
13606106,14194,1176448,1088741,337655382,146714257,227370100,
2897449,2701,683109,629300,79605274,42960837,66108400,
1281215,5102,191159,107242,9885135,5449781,9285000,
6926778,21864,992660,649713,156738756,69543893,109167300,
23995940,26614,1650326,1525672,589093384,256059255,400020400,
1840769,2335,314165,296354,45116117,21507107,30741400,
4353173,39319,864312,480780,67829016,30564447,48721600,
12067241,14925,1054360,963746,296409611,127936929,198090700,
4898930,5571,402028,366288,120565720,50247897,79113600,
5715803,12223,575767,482032,120718930,52116392,81927000,
8233121,35693,1310820,897605,178442544,83303287,128468100,
15263595,70193,1184802,1037849,341676420,150349295,225894800,
7935043,9506,743404,686739,194350174,83671898,124521500,
11008503,31771,1350944,915846,229968245,98473410,150814300,
3658980,4277,333222,299869,90385758,39276812,57488400,
6354658,7007,613612,563407,157511264,68122913,99152800,
12772858,18144,1142477,1012149,288342664,125376722,185388700,
4892182,20626,950176,596906,103936706,49513441,74023400,
1895444,22442,690828,361532,19394141,24599585,36944600,
14676496,26008,849628,371779,322971352,145613231,220462300,
15589736,59447,2507666,1569658,281995506,147851865,223339600,
4062305,10021,150694,103621,97498244,48658812,73958200,
4495235,23345,479177,387366,101997135,53364292,69560200,
6406260,20343,590492,491558,144514979,71475475,105270800,
15537684,35618,1822632,1334747,360213676,171589590,266363900,
12546558,14261,1093358,996210,308751830,148442144,226347500,
1230043,1991,154340,133059,30462223,16459284,24241500,
5238384,26705,910715,482578,83403031,34970101,52936500,
9016693,10628,811113,728929,226209759,101264395,156619900,
9691303,11513,870551,801093,237236364,103428910,157192500,
12565687,62492,1039279,883976,270533442,117412738,183498000,
5939535,72426,1025280,564913,98424672,45932222,69813400,
5949057,7424,485125,448985,143846379,60306595,93975100,
12995911,15703,1198689,1099881,322238634,142355266,221382000,
7963995,16160,806192,596858,167513175,74035601,117509400,
5793130,21670,883327,593584,129656300,54667481,85373800,
12164473,13004,861191,770866,303117376,131482100,205209000,
893817,1297,309884,295831,21866279,10693191,16917100,
12813640,37297,1637462,1152693,275362511,123800526,194176100,
3645891,4388,424663,373302,95325304,45823005,72893300,
7064882,8707,536535,495091,171801477,73694965,113642900,
12986241,24172,965637,716633,283876554,123583736,193260100,
2148538,17232,1064997,785674,46404960,25841478,40193000,
10039433,12586,890626,819368,246631206,107789219,168460600,
11882968,13648,763629,686109,293061710,123888378,193826900,
6275041,72248,603930,494721,105087931,47188874,73847200,
12611984,63238,1651537,1182404,271333773,119672107,186916500,
4862805,6606,458168,405055,123060865,57336941,89922100,
5857958,7520,587767,540498,143959014,61835089,97361300,
15197783,35536,1548968,1161994,327818970,140730835,219722400,
2615759,8248,619047,480131,66186823,34180923,54526600,
9486753,11471,703036,651841,229361030,97302833,151753400,
8012167,8208,631650,562290,205478141,91923378,141831500,
7015476,29665,1160647,735186,126477167,53874115,83774700,
9902206,12264,764381,700662,245116515,110217914,173096400,
3627027,5280,554766,501065,94039136,46238223,73720900,
13923422,31179,1410452,1085355,298942926,132482457,206369800,
8486780,19891,837497,609525,205058684,92641567,142167100,
6413104,7957,701839,645917,159615893,72764187,109046400,
10740346,13256,1022490,938968,262872046,120477147,188427400,
10516330,33808,1210110,768151,217621636,93546669,148443600,
5064395,6702,777732,721383,127585386,60561983,94726700,
6368506,7982,517112,476772,154726973,65087230,101849600,
16726220,29686,1487326,1185949,374867392,162148031,253449900,
4236131,16900,940273,657153,103653337,49916905,72555300,
11380187,13655,790589,727646,278599341,118286314,176841900,
8362455,10563,859566,796719,206479511,89008063,139290200,
6769535,30911,1138263,682736,123275000,54380920,83835000,
2048419,2558,179428,165426,50082224,20595837,32336300,
11551591,13749,1129032,1032444,286208959,126376983,194287100,
14027593,18042,1504667,1337245,319001714,144338780,221704400,
2040389,21446,837646,467182,36101529,20211419,29467100,
7339785,10112,185207,127236,176009698,71807502,110014100,
15702339,109964,1281522,1132357,336934593,153770972,240330800,
11767258,30000,1409255,1058076,250416321,108112455,162134900,
1291856,6343,225202,118847,30214616,14633055,18428600,
5771648,7229,553171,498321,143561297,62791984,93982600,
8278645,9280,795324,724114,206231593,89968177,140694900,
12953701,39622,1625670,1180110,286208723,126410834,196186100,
9242414,10259,782021,720485,227352289,98769372,153569400,
6227761,6965,540056,497114,153170665,64051609,97806300,
11077168,21753,1078934,820172,237810449,102123668,159881400,
7599514,15253,985159,775437,184906584,81021078,126529700,
13298570,14069,1159498,1066226,330025776,147678194,228175500,
13191952,13670,1045472,952454,328807145,142738024,216410700,
6915341,77221,994591,541605,88245453,38235499,61377300,
7111199,8426,753988,682358,178152962,81833711,128371800,
6853805,8919,611659,534889,169566364,74773557,117710500,
15892524,21238,1306765,1169219,368570895,162664437,247928300,
6043025,23443,1045161,657971,128993052,58959596,86435100,
5574656,6385,513531,479195,135631480,58759045,91409800,
10166567,11852,899265,808334,256861945,111764423,174715200,
15814111,37951,1733370,1246411,347597381,149065730,233189500,
6920434,7589,632993,567625,173049332,77139773,120559500,
2219813,3358,435668,398804,55677882,26271467,40596100,
9733368,12258,926644,843952,240012405,106973519,166815600,
20493208,109929,1999050,1440970,421296319,184517070,289083600,
1519735,2831,153920,108284,37153810,17594585,27173500,
6088887,7368,651999,586067,154516849,70575756,109591200,
12572747,15013,997199,908389,311915807,131490455,204180000,
11748793,33164,1433119,983928,246489432,107230789,165607800,
4314159,5594,461807,418277,108512917,52191386,79034200,
739278,921,396525,370902,22775378,14384877,24519800,
12639538,31139,1114939,690643,282095342,122297932,190383400,
18666526,21086,1693627,1536458,466499739,209986772,325265000,
5439750,7199,476832,424152,135582897,57996782,86983300,
245520,500,40751,33537,6124846,3152125,5662500,
7456663,27733,1273485,842958,150074504,69444872,112104900,
18804692,21044,1428243,1310111,466634397,202414012,315624500,
3129402,3069,217764,186122,80637182,34419693,54732900,
5404966,23501,930484,577668,98580177,43267474,63282600,
10856368,12988,1031430,897611,269690483,117562004,182787900,
19021806,21092,1595508,1450683,479133517,211467366,330202000,
5633070,6336,536286,492762,122572529,55793688,87718800,
4366231,27678,905725,510847,79716816,34980014,54295100,
4361254,29866,237674,171757,92344750,41053457,63422400,
6097790,48497,583126,497719,131345866,59799046,87785600,
12068518,30213,1290178,1006250,266757878,118595799,185333700,
18131830,33428,1806983,1438874,448505749,196020702,305937100,
5075155,5722,503211,452321,128190811,58191684,89413100,
3354620,3898,323654,300559,83598297,35314569,56394100,
12675948,36751,1517997,1067262,269793475,116414518,182063300,
3479032,7191,368490,300928,91745193,49378511,77204400,
7332136,23780,782382,585509,169993971,86444218,135090700,
10063171,29528,1181664,724140,196673624,93857734,139314100,
9991774,39963,1119042,731788,229579988,121367358,178032400,
6262410,30176,938598,790454,155526269,92924926,141203000,
16142949,58923,1070041,924659,370158109,166668868,254103800,
9210640,58544,1312439,837985,167032004,80298162,113886600,
3503661,4520,460970,403263,90456742,51677040,74786500,
7805610,8817,568656,527094,189898798,80149151,119891300,
13053621,23955,1200550,995824,289158312,128713958,198939700,
12178884,29615,1399511,1038305,293008921,129953717,201746300,
1582110,2196,276565,250817,40537344,20048386,31284200,
4897386,5768,436603,397209,120035523,51998270,78687000,
13600831,44672,1607780,1145197,293121223,124456370,187536600,
8628655,10456,787330,717828,215883880,95053227,142241700,
3168999,4953,368324,331401,78219347,34689989,54356800,
7851950,8795,583233,530908,184339395,78514711,123611200,
11097336,33430,1536505,1067362,243103149,108265384,164997700,
7735968,11815,644687,557683,190483939,84025345,127990300,
13132856,78218,1099104,963123,282979595,125942512,196611300,
7985889,26714,1107882,689413,153629576,68514372,105701000,
8884801,11384,839004,771096,219020301,95276877,144250600,
9942286,11973,638577,569318,246465702,105027179,160448500,
7870440,9116,813986,732021,180360118,80377800,113846900,
5407189,23435,1129704,731118,105703466,47687546,72621900,
10685440,12230,909018,829729,264940011,113638659,174037800,
5791727,6590,375819,336018,144612765,59932102,87687000,
7022493,26446,1228863,829997,141150788,63946942,94416700,
7344274,8640,722590,642375,184562753,82840155,123085700,
10502455,13145,993590,921300,256666761,113741113,172989500,
8851811,12200,741645,663693,196253135,84254600,131014200,
9022904,25491,1250399,863167,198892980,83520991,127787500,
5739284,7287,391583,334417,140456954,59923549,87871000,
8221916,9140,788253,718024,206028863,91963921,137716300,
13968339,93062,1660083,1113456,265496452,117432981,177009800,
4127102,4518,512094,459311,105293751,45739705,71226000,
753726,1678,383324,338709,21471699,16545841,25762200,
20686329,25290,1303605,1168576,486079445,204365009,319357500,
10178272,30905,1455204,995640,230106437,102875381,156992200,
4945745,5492,416807,380308,121543768,53793227,77769200,
1691405,2071,368077,333811,45232265,24101383,31260500,
11341026,31049,1338904,945237,239311358,98949360,146013200,
3910022,4449,470808,426677,97382570,44243052,59682900,
14553169,16030,1244316,1141367,360043719,162066420,245855400,
11192667,12252,948948,874605,265432500,113417819,172092000,
6596738,25894,1093423,709109,130454819,57565961,84140900,
6357566,7010,617205,563185,156783749,69879287,103142500,
14521445,15888,1122238,1023417,358337357,156441299,233984700,
11527542,31324,1565929,1152432,244569000,109116492,164682800,
4658695,8645,670252,436043,96844456,44780670,70013000,
10411844,16927,1048618,708310,232612489,103009610,154380300,
10438137,19793,1028348,751022,211438772,92985226,135723900,
12250689,31304,1484896,1068299,270308726,119197826,172769400,
5426848,5947,846771,796955,135350001,66205401,98751200,
4810755,6073,145840,102764,116761088,48325723,74537200,
16227531,35647,1992228,1556455,360236976,160409931,248219200,
8599492,9030,700018,630841,214252635,94594963,144798400,
11351832,12084,1057196,968262,281057759,122443013,187830900,
5083923,8513,567704,484290,106715238,46614421,68844600,
5664102,20961,1027205,688742,123213726,56087575,85151000,
14484126,65513,1254591,1096419,321635296,142141082,216255500,
10925975,12795,944005,859635,267330690,117878494,175241300,
8712182,28485,1064342,685785,172209822,72156502,110499300,
8811843,10648,779417,702018,220573542,96003032,142919600,
10356177,9492,839784,732134,269868646,114821935,174743000,
10007298,12395,1012473,909391,228971258,102496337,143687600,
7583017,24761,1048476,696373,164201565,68365400,95247900,
7008056,7654,649302,567879,179205151,77173036,119840800,
11006157,13477,1003931,924891,270247127,115098923,176986700,
13395564,34808,1685304,1266155,293510621,132204881,202930300,
3477466,3508,270042,237157,88530981,38534497,62079000,
8725520,9856,775157,696506,217757725,97424853,148870700,
16402313,28003,1430178,1195269,381629964,164709174,256356900,
6553542,21631,974587,646267,154426197,67722398,101993700,
4304211,5164,445843,396720,108208636,47060420,65806200,
6963200,7846,590879,531978,173623329,75027645,115486700,
16715116,96840,1595511,1175843,340175189,151526313,229518300,
7598543,12880,1064542,907581,189624115,85804941,134782800,
5859258,7613,467639,423134,143342963,60891988,93171700,
9171262,10634,758276,687874,228337301,98426656,149665100,
6715947,23134,1172158,785169,131785570,60389461,88188400,
10349856,11792,926488,852016,255663451,111572712,176092700,
12180163,14710,1032765,947714,298692567,127623778,199223300,
11344419,17515,919563,759882,258245694,115122301,179009900,
5104743,23797,1056464,721001,107113737,46063401,72027200,
8743786,10667,802309,731805,215190973,95706848,150091900,
6212199,6748,572521,507681,159396518,71455096,112293200,
8112197,27320,1177437,790661,159161944,66956170,105534100,
7989708,9566,680368,619424,199795818,89169475,138854600,
2847886,3277,381149,346627,72062215,33732115,47650200,
17059938,80626,1156275,989521,380740868,166545290,256672400,
3769633,22349,913453,522492,51144989,24346864,31595100,
6160380,6943,585871,523846,152344566,67065168,104965700,
3922927,5415,410903,377092,97796483,44408298,63777900,
8354997,28030,1115284,703904,171192516,71740570,109155200,
5261719,6261,410727,362762,131926383,57907268,87661900,
5559971,6607,574348,535002,135830539,58533545,91851600,
4711627,9275,376013,340324,115178089,49806610,78261400,
7495034,17495,674367,614746,174997676,75105076,117882600,
14516534,17379,1209753,1122171,361018938,159927135,250242400,
4153527,25472,942065,534130,72303525,31802878,49767600,
5147044,5131,341498,298621,129920460,56123223,88153200,
1966563,2477,291786,266507,49315994,23251717,37321000,
12094099,19014,996634,843913,266232143,114695745,179456500,
5566179,84048,923777,530342,84379960,40518356,62674000,
7559061,27139,655052,522067,184861745,104227965,158624300,
5112118,10556,564013,387827,113477714,53517725,78904800,
7538563,31154,1111063,604557,133340641,67340194,103789300,
5937115,20394,803220,529917,143875966,80520724,122262500,
15870813,38263,1340590,1166869,383669105,191665325,289679200,
6605473,9214,620340,566475,160578387,73632274,113323700,
8271428,31319,1157655,694943,162613193,80301561,124301800,
6379290,8242,825197,749442,160944765,78887917,122817500,
13335077,16638,1065622,967754,328320444,145480435,223407200,
11202844,20291,1036976,801128,238511321,103408096,157724100,
1693066,16053,614740,339112,33362443,17954493,28395700,
7563644,33637,693917,610559,176530507,78139083,123157900,
22883559,92823,1540060,1352588,530780532,231025544,360960700,
5508231,28014,1186812,719755,90916526,43578342,68529900,
2896995,3874,328689,296440,71078947,32068198,51050200,
9250034,10819,827079,751339,230600441,101156989,157722600,
10199100,11256,780681,717923,252764405,108346304,170319300,
6566537,36991,1655612,1151625,121284208,66219661,104107800,
3569435,5825,45226,2225,84864309,33611785,58868900,
14277872,16249,1127313,1040840,352041537,152247167,237613300,
14317796,97354,1584647,1091910,305273684,134097398,209586000,
2733398,3796,334211,300441,68227937,33313235,49055100,
5498366,6130,439799,399735,136510760,61188737,87351600,
6944317,6949,745393,668094,181099243,80325815,126771100,
23369098,129886,1494086,1136082,502502944,218372569,337495200,
3948150,18792,1192742,963094,90428318,44578918,69468300,
3087641,4032,297331,265541,76235516,34162748,53260100,
7728218,9039,614668,564295,189889554,81103114,124362600,
13365370,32865,1506903,1075646,291975178,126702242,191860100,
4044734,4881,526220,494835,99079103,43394318,66318600,
5548807,328437,511212,465996,136479515,66403600,101356900,
7932194,87595,820923,578780,161368549,71109648,107669300,
4233527,14621,847689,635495,101428680,48717127,72225000,
12973915,14426,1029903,950634,319899838,135420852,211621700,
9422445,10837,727229,667342,233232411,99864982,154802700,
7411341,27524,1243005,835653,143686564,63669461,97075700,
3650855,4814,319604,295700,87944476,36126278,56491400,
12104839,13700,904587,813344,300900926,130176049,203421300,
4439539,10770,861516,657709,83351176,39929046,60931700,
9702247,25895,1083314,830217,230369621,99194067,149125500,
6613293,7942,579040,531240,162209472,68421757,100445400,
12854157,13950,858297,759623,320198020,137934479,215710500,
5233455,26335,1320264,915519,88721095,43164620,66093600,
9327973,10425,852309,776033,231298582,102223634,154678700,
11538067,13885,902139,828104,283993562,119850826,184685800,
9193163,13860,753768,579654,193770515,83123752,130149700,
4146806,21396,1032972,707762,93286332,43212169,68662100,
11943062,13434,822493,747795,292037757,125109224,193634800,
12332936,15100,1257633,1150432,302990340,133358032,204988000,
8908963,30605,1209594,766371,174763139,77207877,114833900,
5026460,5729,623284,570965,127599777,57294985,81131300,
6414919,6886,517739,478174,158422373,67396991,100785100,
11784177,15568,1007048,881568,264909286,113063987,168178200,
7144713,27785,1210177,808427,155045695,67832663,99727300,
15128836,16948,1280002,1168236,375540038,164634861,249528400,
5840924,6428,635069,591752,144981934,63429155,90378900,
7160186,29051,1090053,646533,127238852,53195968,82373200,
3862520,5023,411107,367352,95543654,43320516,61482500,
14389176,14572,1096837,1006505,356645160,150578907,233453600,
15240209,16000,1397529,1276522,381483978,168901305,255219500,
7161490,35390,1186097,732848,124192450,54359675,82281300,
3692787,4308,335724,303415,90956824,39086056,55345700,
8193925,8346,722445,663979,204404559,85888480,130322600,
8904970,25630,987801,649482,180186815,75754415,114256500,
17933661,22945,1722012,1449506,454025755,203036543,310911800,
8848262,8108,807889,713177,231479958,102555430,151046700,
5306189,5517,492961,444591,131878330,54899292,85398900,
9823461,32900,1324080,857266,197989183,83562422,130595200,
7734129,8697,706419,638415,194903603,86344363,131816400,
17109730,18492,1533972,1421375,426084062,185211788,283535700,
13066872,18563,1080101,837744,284618117,121103989,183634200,
3307398,18361,705773,453779,71554216,31091157,49299300,
6485449,6779,661660,605050,164404811,71194052,111053300,
2132442,2757,437873,400692,55597645,27338396,43869600,
3298953,23050,1063958,637701,47170639,25139379,40006500,
13399220,15789,749301,627121,334656831,144948382,238706800,
22255930,25435,1845810,1734092,541664099,245347440,380409100,
3724096,15300,481042,269347,51325602,22122923,34553100,
2244535,16252,564476,308000,46984249,21203360,29126800,
2481395,3505,225718,198556,60155634,26120414,38564000,
22515061,121333,1745089,1534903,508651009,226128757,349096000,
4272134,23881,943568,526413,64621765,32064987,50558500,
4321060,6039,502819,441397,110163297,50993986,77904500,
23934127,26930,2137863,1963777,592043802,264476806,406816200,
10780630,15044,856493,763216,236791025,101871175,159520200,
6838869,23512,1156855,761675,146219283,65318483,102087500,
17572894,18969,1352625,1222684,440051082,193720545,300750000,
17866616,20968,1759255,1644365,438740336,192640664,293685300,
7384847,27395,1043275,657573,129873310,57356473,83782100,
8773823,10107,812327,675288,221550671,98848255,148614200,
16293531,18582,1530679,1407487,402447694,175710830,269660000,
9720113,11143,916279,850269,239406345,103320314,156076700,
10474925,31778,1303653,863659,213138622,90808917,140193500,
15084449,16881,1307535,1191491,374380905,166188168,253966100,
16148931,17310,1455132,1335187,400276912,174823666,266799700,
15381724,48371,1326265,1025159,335081945,145938896,218497200,
11540244,73923,1327921,917489,243986212,106222707,157543500,
10206467,13817,1237421,923783,237609587,106695854,164208300,
16290392,23807,1549760,1188389,378651078,165855342,247940300,
16740101,47124,1601468,1013518,322894214,137828775,205592800,
10136379,18016,1123937,920268,250899841,109664797,163639100,
15606213,17003,1338295,1214476,390665796,170084621,260758200,
11117930,11673,996666,908306,277287850,120344385,187134100,
7591402,40701,1353436,894255,134687798,61291274,96450400,
7632255,15991,499915,421592,191217931,88508756,138668900,
19613339,33814,1767643,1436825,475008013,232210926,360122800,
14359005,28954,1521637,1052134,305841045,144213595,214213700,
2834749,22527,889938,544276,51086045,26819144,39435900,
10134054,82585,756714,563671,216395516,115403249,177490700,
21567289,40654,1821387,1667209,517881621,245599524,372321600,
10802592,32193,1543408,1106177,223774520,110881259,159386800,
6711068,8754,718484,648705,165847830,73069106,107660300,
9120811,10840,770542,705369,223236790,95285022,146177500,
18140521,21223,1451469,1316316,423647276,183365700,281548700,
11683853,29798,1506152,1083456,270223058,116582316,173898500,
8574468,9487,776889,688141,216953047,94857662,144720000,
17758639,19434,1622810,1481899,440045784,192499066,291451200,
16141801,35937,1892928,1444205,354906697,152405262,230155400,
9533877,10048,780674,703472,238509953,103401694,159219400,
20392447,21765,1812560,1677702,504476483,218254837,333111600,
9664654,11002,1044527,952381,224830423,99923798,150139400,
15259223,103574,1606529,1100134,305134727,133685457,204504700,
13376871,14377,1248318,1144834,334354869,146202816,222862700,
14758600,16657,1307547,1196443,365063328,160089935,239832500,
9920217,17930,908440,812122,224959413,96981121,150949000,
14531826,36010,1813059,1355431,334340576,145335564,220066300,
12996683,14442,1148896,1053157,321537328,138908899,212051900,
13298315,14670,1128943,1037735,328625045,142268677,211093800,
15914020,33546,1705802,1293013,339243277,146379806,226701600,
11524820,17395,1247539,1044156,284605968,124324394,191513700,
10766486,12042,901847,817381,264697365,115247528,173272500,
19659972,22878,1784121,1646741,484173981,211623648,324276500,
11815266,34524,1476811,1006421,241860344,105273123,158762300,
11486091,12311,1041972,951473,286249144,126244526,192758200,
15488344,18138,1397261,1280650,382877403,167621639,255427300,
9489662,23553,1001197,730466,193517448,84913140,126955500,
7404053,20268,1062455,797245,175571562,76750644,117230800,
15064313,105058,1141833,980249,324744267,143336972,221206300,
16488389,18476,1462849,1343236,406971680,176190595,271722400,
12023941,35655,1442928,958946,248876706,107117272,163642400,
6726312,7885,798864,720531,170284193,80286364,120070800,
10065601,12469,955005,886947,247562968,109953562,165228200,
15101795,27350,1375039,1117341,328918670,137585103,209621600,
9984386,22249,1150883,864130,242844590,104937369,158120900,
4595979,6641,599315,533663,114891005,54405132,81174000,
8863227,9804,686764,630773,217801818,91339384,140085400,
16260548,45199,1930716,1391979,357409050,156787251,241241800,
10947405,12012,1025082,931276,271217464,120498848,187247300,
10019051,10994,980193,898252,248087865,109814871,165696600,
11652857,14741,1037662,916721,264752056,116424608,174837800,
15330356,52045,1941341,1444145,347096020,154497014,234465400,
14681046,63938,1088116,962494,329805446,141436210,216970000,
10378318,12502,1031702,944561,257398817,113860610,176686000,
19057703,46787,1969744,1460523,421103652,180495039,274652600,
13601082,16461,995688,884527,334602869,145596709,226798000,
16338064,18274,1685212,1552998,403832371,186447398,275616600,
10204576,11934,1091758,1010419,252014805,111624305,169797400,
11611213,32919,1504892,1069937,238179141,106998892,166870500,
16274991,19058,1412724,1287703,402953401,178423049,278187800,
11598715,12833,968935,884065,288085010,121180084,188101600,
15612271,29978,1691068,1373349,341281742,154361763,239112400,
15233237,22646,1609161,1376616,377575691,170768729,262838700,
11998397,14160,1029555,944328,297553631,127381098,195649800,
12713823,14230,1142680,1048002,314204153,140959591,213533900,
17906894,75452,1914710,1451496,369165908,163152470,248808900,
10133219,24231,799721,689708,241349664,105203874,164698200,
20764265,24206,1979844,1817551,514131630,237837318,367286800,
10967944,31350,902214,723899,220447905,96568865,146799400,
10149279,28231,1355069,1000384,239095494,103638781,155411700,
12230854,13557,1055774,957037,304811112,133916989,205948800,
16737627,18692,1570113,1439597,413231925,188365656,288194200,
11139435,31056,1282282,868748,229026867,98107476,147764700,
11629547,12598,1085898,984148,290436222,127017021,195649000,
11202538,11959,869637,768335,282967676,124556628,194248200,
11894675,21152,1249896,1027598,256583929,115205036,176794300,
9561380,26618,1380547,1085663,226926941,101895958,155881000,
14039533,72990,1098515,960662,312378720,134078550,205553400,
13312558,14504,1071287,974815,326649049,143199071,218477600,
14593161,34613,1675523,1237747,317655536,139141558,215614500,
11226006,12269,952626,862624,279013764,122038678,189614900,
14312422,15033,1270581,1163311,354491193,156891297,245370700,
11618649,28073,1136180,882435,248570946,111145883,173949500,
10921930,19884,1397234,1109755,269892787,120391629,185016900,
11359170,11322,1109024,998217,289507156,128248022,197366000,
13983542,14309,1108054,1010182,347081666,151736329,231366100,
14301644,13881,1103794,1012520,335932118,147567997,228967100,
12554313,32650,1513161,1069485,284513793,125393769,195626600,
8303609,9062,1078447,974029,213100060,102150168,159590700,
15225657,15444,866357,773030,377307860,164428371,256877000,
17414158,20242,1422536,1278551,400817383,175344272,269524200,
16070518,32947,1933091,1485482,375987172,164736333,247238300,
8492361,9464,875760,787915,216042729,95590903,143301500,
16534827,18305,1397375,1271736,410669514,179968521,270844900,
16807321,41678,1874374,1358415,365683499,160338700,231420400,
6640508,7635,862815,797825,166676625,73660193,114986700,
12334437,13559,1231390,1131625,307503541,135337579,204784600,
17225786,105518,1225973,1073920,368267608,157796552,234836500,
6602665,30765,1229515,779484,120153743,54797031,83196700,
19805676,23290,1707253,1554042,489708669,212679049,327329500,
13655099,15298,1151050,1056337,336877570,144831750,220412300,
9416686,33595,1277640,866837,183274363,80759499,124560700,
18007305,20713,1690894,1485351,450638816,196110207,303131600,
14482844,16219,1333032,1223280,356984098,154279724,237247600,
8692494,9669,731402,665580,214262806,91611853,143529000,
18537279,42374,2102014,1591625,415604686,181550297,281164300,
16464392,19458,1443931,1326773,405897050,176105815,270114000,
8044175,9554,728892,664782,199202807,86488600,130768800,
18910154,41433,1939663,1569018,420433626,183501926,278791600,
19529381,113069,1731145,1379807,433754943,187264510,287367200,
6654391,26958,461808,313565,155321100,77721484,115064700,
14284330,21081,1536664,1247058,340166590,165341871,248298900,
21745823,58273,2538783,1777905,473511250,233437028,347470500,
6102464,29177,692594,528913,141851369,72221939,104367000,
14421217,18790,1256705,1134404,357240297,176774396,258658300,
20002535,271098,1759955,1496715,453898769,222219522,335101100,
10940143,27578,1368161,1034142,259347380,114133029,170871200,
11455967,14169,1173182,1064146,287663717,127328839,195297600,
18408714,20040,1444772,1313817,456087520,197500783,302232700,
11697141,31651,1550183,1105868,237758966,104142773,157864300,
10448417,73258,920881,779893,221899295,98986705,151648000,
18203094,20238,1557270,1432122,451554034,195846357,301280400,
10500600,16706,996621,802444,223936024,97109422,149128900,
10064135,25386,1379628,1048554,241646620,105649757,162537700,
16081752,17826,1444900,1326227,398428421,173700504,267527300,
11912799,13934,949656,870719,292864243,125221841,190443200,
14332709,35034,1784350,1315029,309906062,135634320,212297600,
14187758,15281,1154413,1053574,352015490,153003307,232743800,
13639838,15453,1291414,1179388,334270886,145883334,225986700,
12067942,16449,1055091,905158,262313870,112860273,176875400,
4626794,20842,899607,559553,100126597,45747345,72200900,
9281294,10587,956430,865499,233925875,104898338,165034600,
20374891,87800,1546105,1350747,465513169,202715398,314833100,
14196343,35955,1775227,1305193,301113351,131350823,202294100,
7101372,8271,625956,574291,175979756,76388764,113407500,
18139037,20065,1491693,1356393,451668905,197806853,301010500,
14848065,16978,1413698,1306604,359595663,157999142,244310200,
12603787,53777,1519480,1044125,265681461,113607324,172176100,
15021465,16978,1314308,1204819,372163480,161757512,247115200,
13854335,15172,1330441,1231328,345300328,149095966,227664400,
13326369,30768,1415890,1059451,279006277,120635871,184748000,
14229837,22083,1445118,1221450,351186898,152791079,233410800,
14631764,26057,1182006,1093449,359754949,154084298,231014200,
9673632,17834,845535,769627,237389892,101628160,156739600,
15647577,120306,1685459,1137795,296854463,130107221,197442700,
17666990,19500,1493387,1370118,438287227,187605757,287870300,
11960155,13224,1069375,972917,301261368,131336959,197770900,
10855065,12984,770011,689406,257866734,112497881,170910400,
16269021,40755,1953365,1431104,358327196,156239400,236014100,
13859124,15677,1277062,1176336,343392051,150218870,224405600,
10991480,15434,1110777,983306,266864547,117312902,178032900,
15634795,37554,2014742,1390254,321317430,144463760,218769300,
16152256,26427,1637766,1236179,375484078,164935322,245579600,
12021398,20853,1284103,1021905,265743014,117386526,182811100,
10234516,11911,897835,831270,252048559,107388478,166304300,
13881823,34197,1687349,1234433,293055309,127841714,196087600,
20928491,84479,1945260,1585900,446103343,202156900,310754600,
11178904,13670,772389,701874,272663966,114161023,175808900,
13102178,25283,1524040,1216771,284326704,128613575,193313700,
18277025,29719,1833888,1537491,449091431,193264972,299167800,
10933479,12232,1019391,930824,271816210,116689302,182414300,
12001932,14350,1076636,981981,299001264,130695838,201450900,
18218346,43751,1948735,1427671,399247200,174698635,271961900,
12459385,105337,869754,723933,264590027,114937637,179025600,
12131543,14800,1070940,960953,302867211,134547297,205818800,
17436420,31092,1626493,1354538,386708546,173911770,268162200,
12305212,30856,1443460,1081162,295198338,130459342,197822300,
13693832,15259,1104270,993171,340173859,151233808,229199700,
18491154,20051,1522901,1404024,454955954,203003920,301705700,
13104619,37423,1936314,1444560,273388214,123744292,182028800,
14450412,16235,1152826,1036283,358720586,159993315,236137400,
14726302,15532,1287909,1179998,364688768,162744047,243828400,
11511430,11926,953426,868441,265356168,114169667,174951700,
12095313,36763,1937174,1442963,267776937,123158652,181764200,
13849725,17358,1267097,1141501,341525851,154656127,234130700,
13502888,15167,1212279,1111108,332123474,150137657,228776600,
11948598,35661,1725883,1223234,248942820,112354718,170456800,
18808064,87245,1511398,1327335,432655706,191221313,286740200,
12477124,41489,1180014,1064425,293325266,132058221,201817800,
9451402,10601,856115,783059,234540480,101514843,155108500,
18801409,40213,2078682,1557659,418478582,182229222,283336100,
12397217,14191,1154294,1066241,305696957,134850546,208082000,
10016081,11113,872756,798465,246060671,105876199,162944800,
16786629,23976,1619071,1373134,376904942,165132339,254893500,
13226489,26562,1513566,1213921,318261967,137372862,213571300,
8433547,9565,764236,699304,209592258,90681855,140188900,
9164665,11043,1208099,1104613,232052690,107812837,164545200,
25358906,48616,2464525,1935597,576110904,252591855,386358900,
9210309,10984,756353,693744,223773367,93989057,142070100,
8555812,10083,792308,700878,210958051,92711379,138810800,
13901825,18183,997810,852632,351912109,150472881,228314300,
12644332,32916,1564854,1076139,293345568,124684158,188985200,
13021685,13176,972090,859361,329661145,139855531,210245900,
7779777,6715,700740,586783,210402030,92040964,128648400,
11752827,30738,1401612,958472,257024395,108500995,165975600,
13305359,14056,1013855,912079,336538112,142170240,217311300,
9253190,7420,696498,605872,248169135,104895301,162675800,
8458940,8437,732753,660292,215056302,92070482,138562300,
14063820,33115,1612874,1128194,323107502,138185603,208263500,
10016193,9885,703913,623553,258096401,107688102,169389900,
8393169,10032,799352,705978,216640196,94018035,142110100,
8685371,22165,1140617,724063,190919718,83135606,127309100,
8222268,8521,540675,472708,207019369,86704577,133719600,
6459132,6508,586363,528720,163735771,70794358,109068200,
8797706,8585,815088,715756,219763537,95752785,147450600,
16570326,32282,1844157,1401580,385213525,167591277,257927700,
11426761,13253,1055765,968602,282425458,122209349,186891500,
12794595,13407,1105789,1009350,319471676,137558867,210216000,
17752415,46449,1804886,1381574,383883381,166715180,260862900,
10537502,14956,1062042,929106,258361680,111836546,171565100,
10194657,11069,828460,750618,253714442,110239924,167820500,
15549478,291863,1504864,1376868,389500503,180527775,282205100,
18856594,125419,1932394,1404863,378847461,166991417,257691900,
11335517,12399,1052005,953200,281436165,122713369,186345300,
10855855,29441,802640,661136,267633878,134024475,209696600,
12775086,20385,1469271,1204358,303660871,156941893,244476700,
10573955,40829,1619682,987184,190009934,88243029,133043400,
8126301,16058,608570,476151,195449238,99307892,153608300,
11504792,30982,1099491,957894,276288898,140905114,210797400,
6882739,27718,1205608,789429,131925998,70000544,104016200,
12097295,15064,987798,902641,294850039,133767586,200525300,
9453689,11027,773328,687699,237394119,108421194,163651100,
3035393,4083,409358,382809,74927771,32687442,51301700,
10342116,101882,1216071,731679,170311643,73615840,115041900,
11986040,13638,1038089,941012,299017825,135051318,211325700,
8798807,9967,819495,760238,215056461,92522707,144773100,
7998589,9668,758907,698541,198076346,86509071,133383000,
8680577,29195,1075106,646070,168951160,75215207,118485300,
5534355,7203,730392,679916,138211950,62802897,98307500,
14529531,16141,1086438,984014,358490559,156628570,245879600,
6814905,23334,1182154,821334,132429685,63995447,100362500,
8623155,11142,636972,569600,210677049,88753010,136952200,
14111632,16836,1316154,1198122,350712632,161645570,254268000,
13880575,15492,1090222,979422,346928967,153182251,233607200,
13981360,33242,1619127,1165643,300640698,136444725,212636700,
13247179,15437,1152644,1054587,329586370,146854484,223356400,
13956890,30501,1233539,1115295,336127006,148684215,224198200,
13517440,66148,1588978,1202022,263720932,116064015,175883700,
12448484,18174,1361583,1139119,310453024,137613652,206834600,
14567556,17620,1299888,1187176,359217781,158312493,240721400,
9999501,12712,1046671,957610,248089348,109863996,172709500,
15939142,37461,1735549,1256921,341319677,144662462,226844200,
14799323,15913,1227664,1107876,371677731,159649496,240474800,
12232776,14903,1219237,1118180,303522241,133595078,206855700,
15475516,22721,1363042,1143389,345976006,148514915,227205900,
13765007,31930,1660900,1312267,330868247,143815580,219654600,
12893599,15189,1206974,1114160,320340057,140617367,214918600,
12006403,14910,1024168,938909,296317535,126921328,191524000,
15241748,36915,1851444,1364843,323954778,142317866,217592600,
16188005,19456,1187334,1078576,398401200,172762424,263251800,
10626333,12503,1040113,955324,264296044,115481213,174335400,
10063942,12116,847866,760153,240599634,104548546,159033100,
17468776,47476,2130745,1609066,393965626,174750803,263923500,
11827519,13685,1020109,930666,293700128,129857151,192764800,
8921835,10223,868566,797217,221322819,96231170,143232400,
15736483,38625,1808716,1304789,343394804,147701759,224693400,
16207633,19713,1585441,1457806,402564226,182313547,273195800,
8941683,12250,798191,725573,219955245,95085661,147403100,
10231948,11451,871251,778226,244455364,106387427,160175100,
19172524,47157,2152813,1611446,433658204,187001919,286870900,
13434814,84181,1034842,875456,303880733,134097512,202574800,
13373820,41518,1106050,981361,318145195,138143943,209518500,
19988451,30310,1802601,1491619,447429697,196457768,291355500,
9078443,21977,1193013,910571,220722000,97397063,143882800,
7064631,7655,744185,675187,177901139,79242188,116917900,
11570052,13436,1032175,946349,285258868,123795281,185861200,
16744739,40566,1992118,1467579,362363599,159207206,236281200,
10773834,11728,857400,761787,271957889,116152266,174102400,
14311229,15279,1257195,1136884,358591303,158448118,235919500,
15471887,20916,1388469,1187785,347855667,151849607,224321400,
6901612,28912,1453376,1036455,158651759,76905107,114021100,
1814614,6090,919969,825908,53551345,40671833,60015100,
905390,3957,471153,417653,25707410,17236069,26351800,
3356461,44742,712477,226330,22632147,11421876,18081000,
920688,12217,256841,39431,4583639,3076959,4192000,
1062972,29002,255444,36767,5171666,4031311,5012200,
0,0,0,0,0,0,0,
